[ 42 10 12 ] ; [ -42 12 12 ] ; [ -40 12 13 ] ; [ -41 11 13 ] ; [ -41 10 13 ] ; [ -43 11 13 ] ; [ -41 10 14 ] ; [ -42 11 13 ] ; [ -41 11 13 ] ; [ -42 11 13 ] ; [ -41 11 13 ] ; [ -41 12 13 ] ; [ -41 11 13 ] ; [ -41 12 13 ] ; [ -41 11 13 ] ; [ -41 11 13 ] ; [ -41 11 13 ] ; [ -40 10 13 ] ; [ -42 12 13 ] ; [ -41 11 14 ] ; [ -42 11 13 ] ; [ -40 10 13 ] ; [ -42 11 13 ] ; [ -40 12 13 ] ; [ -43 11 13 ] ; [ -41 11 12 ] ; [ -40 12 12 ] ; [ -42 11 12 ] ; [ -41 11 12 ] ; [ -42 12 13 ] ; [ -42 12 12 ] ; [ -42 11 13 ] ; [ -42 11 13 ] ; [ -41 11 12 ] ; [ -42 12 12 ] ; [ -41 12 12 ] ; [ -41 11 12 ] ; [ -42 11 11 ] ; [ -42 11 12 ] ; [ -41 11 12 ] ; [ -43 12 12 ] ; [ -42 11 12 ] ; [ -42 11 12 ] ; [ -42 11 12 ] ; [ -42 12 12 ] ; [ -43 11 12 ] ; [ -42 11 11 ] ; [ -42 11 12 ] ; [ -42 12 12 ] ; [ -42 12 12 ] ; [ -42 12 12 ] ; [ -42 11 13 ] ; [ -42 11 13 ] ; [ -41 11 13 ] ; [ -41 12 13 ] ; [ -40 12 14 ] ; [ -40 11 14 ] ; [ -40 10 14 ] ; [ -42 11 15 ] ; [ -41 10 15 ] ; [ -41 11 15 ] ; [ -41 11 16 ] ; [ -41 10 16 ] ; [ -38 11 16 ] ; [ -38 11 16 ] ; [ -38 12 17 ] ; [ -37 12 17 ] ; [ -37 11 18 ] ; [ -38 12 18 ] ; [ -38 11 20 ] ; [ -37 12 21 ] ; [ -36 13 22 ] ; [ -35 13 22 ] ; [ -33 13 23 ] ; [ -32 14 25 ] ; [ -32 13 26 ] ; [ -30 12 26 ] ; [ -29 13 27 ] ; [ -27 14 26 ] ; [ -27 16 28 ] ; [ -26 19 27 ] ; [ -24 18 26 ] ; [ -20 21 26 ] ; [ -19 26 26 ] ; [ -19 25 27 ] ; [ -16 27 27 ] ; [ -14 30 27 ] ; [ -13 30 27 ] ; [ -18 48 27 ] ; [ -5 26 32 ] ; [ 1 29 28 ] ; [ -2 28 31 ] ; [ 0 31 25 ] ; [ -4 32 22 ] ; [ -2 31 23 ] ; [ 0 31 25 ] ; [ 3 30 24 ] ; [ 6 35 27 ] ; [ 8 35 28 ] ; [ 7 34 27 ] ; [ 5 35 29 ] ; [ 7 34 29 ] ; [ 6 36 29 ] ; [ 10 33 30 ] ; [ 11 31 28 ] ; [ 8 29 30 ] ; [ 8 31 30 ] ; [ 5 26 30 ] ; [ 0 28 29 ] ; [ -1 28 31 ] ; [ -2 24 27 ] ; [ -3 23 28 ] ; [ -3 24 33 ] ; [ -6 19 32 ] ; [ -21 25 44 ] ; [ -12 10 42 ] ; [ 3 10 35 ] ; [ 5 12 38 ] ; [ 3 7 36 ] ; [ -6 4 33 ] ; [ -9 -7 38 ] ; [ -8 23 32 ] ; [ -5 6 38 ] ; [ -16 20 34 ] ; [ -17 6 41 ] ; [ -18 7 35 ] ; [ -17 7 35 ] ; [ -19 7 40 ] ; [ -16 6 39 ] ; [ -8 3 39 ] ; [ -10 9 29 ] ; [ -16 8 37 ] ; [ -11 5 34 ] ; [ -25 7 32 ] ; [ -20 4 38 ] ; [ -15 0 38 ] ; [ -14 0 36 ] ; [ -16 2 37 ] ; [ -20 -1 36 ] ; [ -26 1 37 ] ; [ -21 -4 38 ] ; [ -22 0 36 ] ; [ -25 2 33 ] ; [ -21 0 37 ] ; [ -19 -2 39 ] ; [ -21 3 34 ] ; [ -18 1 35 ] ; [ -16 3 35 ] ; [ -13 2 36 ] ; [ -8 4 34 ] ; [ -1 4 35 ] ; [ 2 5 31 ] ; [ 0 3 35 ] ; [ -12 3 34 ] ; [ -15 0 36 ] ; [ -16 -1 37 ] ; [ -17 -1 35 ] ; [ -20 1 35 ] ; [ -19 0 35 ] ; [ -20 -4 39 ] ; [ -24 -3 37 ] ; [ -25 -3 36 ] ; [ -22 -5 36 ] ; [ -20 -5 37 ] ; [ -20 -4 34 ] ; [ -23 -4 34 ] ; [ -23 -6 35 ] ; [ -23 -5 33 ] ; [ -22 -5 33 ] ; [ -21 -4 32 ] ; [ -23 -6 33 ] ; [ -23 -5 33 ] ; [ -24 -5 32 ] ; [ -24 -6 33 ] ; [ -26 -7 34 ] ; [ -25 -6 34 ] ; [ -25 -5 32 ] ; [ -23 -6 33 ] ; [ -22 -5 32 ] ; [ -23 -6 32 ] ; [ -23 -7 33 ] ; [ -23 -8 33 ] ; [ -21 -9 34 ] ; [ -23 -6 34 ] ; [ -24 -6 33 ] ; [ -23 -9 35 ] ; [ -24 -7 32 ] ; [ -25 -5 32 ] ; [ -21 -8 33 ] ; [ -21 -8 34 ] ; [ -22 -7 33 ] ; [ -22 -8 34 ] ; [ -22 -7 33 ] ; [ -23 -7 33 ] ; [ -24 -8 33 ] ; [ -23 -8 33 ] ; [ -22 -9 32 ] ; [ -24 -8 31 ] ; [ -22 -10 33 ] ; [ -22 -10 34 ] ; [ -23 -8 31 ] ; [ -23 -7 31 ] ; [ -23 -9 32 ] ; [ -24 -12 34 ] ; [ -24 -9 33 ] ; [ -23 -8 31 ] ; [ -20 -12 34 ] ; [ -20 -11 35 ] ; [ -20 -8 33 ] ; [ -21 -9 33 ] ; [ -21 -10 35 ] ; [ -21 -8 33 ] ; [ -19 -9 33 ] ; [ -19 -10 34 ] ; [ -21 -8 33 ] ; [ -23 -6 32 ] ; [ -23 -8 32 ] ; [ -24 -9 32 ] ; [ -25 -8 33 ] ; [ -26 -6 30 ] ; [ -26 -7 32 ] ; [ -25 -8 32 ] ; [ -25 -8 33 ] ; [ -24 -7 33 ] ; [ -25 -9 33 ] ; [ -25 -9 33 ] ; [ -25 -8 34 ] ; [ -23 -8 32 ] ; [ -22 -7 32 ] ; [ -21 -7 31 ] ; [ -19 -8 32 ] ; [ -22 -6 32 ] ; [ -23 -7 31 ] ; [ -23 -7 32 ] ; [ -24 -7 32 ] ; [ -25 -7 33 ] ; [ -24 -8 32 ] ; [ -24 -8 33 ] ; [ -24 -7 33 ] ; [ -24 -5 32 ] ; [ -22 -8 32 ] ; [ -24 -7 32 ] ; [ -24 -8 31 ] ; [ -23 -7 30 ] ; [ -23 -7 31 ] ; [ -22 -8 30 ] ; [ -23 -8 30 ] ; [ -25 -8 29 ] ; [ -27 -9 31 ] ; [ -29 -10 31 ] ; [ -29 -8 29 ] ; [ -27 -9 29 ] ; [ -29 -10 27 ] ; [ -32 -9 28 ] ; [ -29 -10 27 ] ; [ -31 -10 27 ] ; [ -34 -11 27 ] ; [ -35 -11 27 ] ; [ -36 -11 27 ] ; [ -34 -11 25 ] ; [ -34 -11 26 ] ; [ -34 -10 25 ] ; [ -32 -11 26 ] ; [ -32 -11 26 ] ; [ -32 -10 25 ] ; [ -33 -10 25 ] ; [ -32 -11 25 ] ; [ -33 -10 25 ] ; [ -33 -10 25 ] ; [ -32 -10 25 ] ; [ -32 -10 25 ] ; [ -32 -11 26 ] ; [ -32 -10 25 ] ; [ -32 -10 26 ] ; [ -32 -10 26 ] ; [ -31 -11 26 ] ; [ -32 -11 25 ] ; [ -32 -10 25 ] ; [ -32 -10 25 ] ; [ -32 -11 26 ] ; [ -31 -12 26 ] ; [ -32 -10 26 ] ; [ -32 -10 26 ] ; [ -31 -11 26 ] ; [ -30 -11 26 ] ; [ -32 -10 26 ] ; [ -32 -11 26 ] ; [ -32 -11 26 ] ; [ -31 -11 26 ] ; [ -31 -11 26 ] ; [ -32 -10 26 ] ; [ -32 -10 26 ] ; [ -31 -11 26 ] ; [ -32 -11 26 ] ; [ -32 -10 26 ] ; [ -31 -11 26 ] ; [ -31 -10 25 ] ; [ -32 -10 26 ] ; [ -32 -11 26 ] ; [ -30 -10 26 ] ; [ -31 -11 26 ] ; [ -31 -11 27 ] ; [ -32 -11 26 ] ; [ -31 -11 26 ] ; [ -32 -12 27 ] ; [ -32 -10 27 ] ; [ -31 -11 27 ] ; [ -30 -11 26 ] ; [ -31 -11 26 ] ; [ -32 -10 26 ] ; [ -32 -11 25 ] ; [ -32 -10 25 ] ; [ -32 -10 26 ] ; [ -32 -10 25 ] ; [ -32 -10 25 ] ; [ -31 -10 25 ] ; [ -31 -11 26 ] ; [ -32 -12 27 ] ; [ -33 -10 26 ] ; [ -31 -10 26 ] ; [ -31 -11 26 ] ; [ -31 -11 26 ] ; [ -32 -10 26 ] ; [ -32 -10 26 ] ; [ -31 -10 26 ] ; [ -31 -9 25 ] ; [ -32 -10 26 ] ; [ -32 -11 26 ] ; [ -32 -10 26 ] ; [ -31 -10 26 ] ; [ -31 -11 27 ] ; [ -31 -11 26 ] ; [ -30 -10 26 ] ; [ -30 -10 26 ] ; [ -31 -10 26 ] ; [ -31 -11 26 ] ; [ -32 -10 26 ] ; [ -33 -10 26 ] ; [ -32 -10 25 ] ; [ -31 -9 25 ] ; [ -32 -9 25 ] ; [ -33 -8 25 ] ; [ -33 -9 26 ] ; [ -33 -11 26 ] ; [ -33 -10 26 ] ; [ -33 -9 25 ] ; [ -31 -10 25 ] ; [ -31 -10 25 ] ; [ -32 -10 26 ] ; [ -32 -9 26 ] ; [ -32 -10 26 ] ; [ -32 -11 27 ] ; [ -32 -12 27 ] ; [ -32 -11 27 ] ; [ -31 -12 27 ] ; [ -29 -12 26 ] ; [ -30 -11 26 ] ; [ -30 -10 26 ] ; [ -31 -11 27 ] ; [ -32 -11 26 ] ; [ -32 -10 26 ] ; [ -33 -11 26 ] ; [ -32 -12 26 ] ; [ -31 -11 26 ] ; [ -31 -11 25 ] ; [ -31 -12 26 ] ; [ -31 -12 26 ] ; [ -32 -12 26 ] ; [ -31 -12 27 ] ; [ -29 -11 27 ] ; [ -30 -12 27 ] ; [ -30 -13 28 ] ; [ -31 -11 27 ] ; [ -31 -12 28 ] ; [ -30 -15 29 ] ; [ -28 -14 29 ] ; [ -29 -11 26 ] ; [ -29 -13 27 ] ; [ -29 -13 28 ] ; [ -30 -12 27 ] ; [ -30 -12 27 ] ; [ -30 -13 28 ] ; [ -30 -13 29 ] ; [ -29 -12 29 ] ; [ -29 -12 29 ] ; [ -30 -13 30 ] ; [ -29 -13 31 ] ; [ -31 -10 31 ] ; [ -29 -12 32 ] ; [ -28 -14 36 ] ; [ -31 -14 35 ] ; [ -33 -13 34 ] ; [ -30 -15 35 ] ; [ -26 -13 34 ] ; [ -23 -10 32 ] ; [ -23 -12 34 ] ; [ -22 -12 35 ] ; [ -22 -12 37 ] ; [ -23 -10 39 ] ; [ -25 -10 37 ] ; [ -23 -11 38 ] ; [ -21 -9 37 ] ; [ -21 -4 36 ] ; [ -19 -6 37 ] ; [ -20 -7 38 ] ; [ -20 -4 38 ] ; [ -18 -3 38 ] ; [ -14 -3 39 ] ; [ -14 -2 38 ] ; [ -11 -1 36 ] ; [ -9 2 35 ] ; [ -8 1 36 ] ; [ -7 0 37 ] ; [ -7 3 36 ] ; [ -5 3 38 ] ; [ -4 2 38 ] ; [ -2 2 38 ] ; [ -2 4 38 ] ; [ -1 1 41 ] ; [ 2 3 39 ] ; [ 5 7 37 ] ; [ 5 6 38 ] ; [ 6 2 40 ] ; [ 10 4 39 ] ; [ 8 8 36 ] ; [ 8 4 39 ] ; [ 12 3 39 ] ; [ 14 5 40 ] ; [ 15 2 45 ] ; [ 16 6 43 ] ; [ 22 8 39 ] ; [ 17 11 37 ] ; [ 14 9 37 ] ; [ 18 6 37 ] ; [ 19 13 34 ] ; [ 18 15 34 ] ; [ 22 15 34 ] ; [ 26 15 35 ] ; [ 20 11 36 ] ; [ 15 6 37 ] ; [ 17 12 34 ] ; [ 13 17 31 ] ; [ 10 9 37 ] ; [ 11 11 36 ] ; [ 17 13 36 ] ; [ 17 11 37 ] ; [ 17 16 33 ] ; [ 18 12 30 ] ; [ 15 15 25 ] ; [ 6 12 26 ] ; [ 5 14 25 ] ; [ 8 16 25 ] ; [ 5 14 24 ] ; [ 5 21 18 ] ; [ 0 24 18 ] ; [ 6 19 19 ] ; [ 7 24 18 ] ; [ 6 21 20 ] ; [ 8 10 22 ] ; [ 18 5 30 ] ; [ 17 10 27 ] ; [ 10 11 26 ] ; [ 16 2 35 ] ; [ 19 2 35 ] ; [ 11 4 29 ] ; [ 8 7 30 ] ; [ 1 8 25 ] ; [ 6 2 29 ] ; [ 5 18 29 ] ; [ 6 15 24 ] ; [ 14 2 34 ] ; [ -5 16 35 ] ; [ -6 2 36 ] ; [ -2 -3 47 ] ; [ -13 6 46 ] ; [ -34 -4 50 ] ; [ -32 -18 59 ] ; [ -42 -7 51 ] ; [ -54 9 38 ] ; [ -47 11 28 ] ; [ -26 8 24 ] ; [ -21 6 21 ] ; [ -30 8 17 ] ; [ -34 4 19 ] ; [ -28 4 20 ] ; [ -32 9 15 ] ; [ -43 7 16 ] ; [ -37 -4 21 ] ; [ -42 -2 25 ] ; [ -57 0 32 ] ; [ -70 0 37 ] ; [ -62 4 41 ] ; [ -62 6 41 ] ; [ -55 5 44 ] ; [ -52 4 45 ] ; [ -48 5 43 ] ; [ -47 3 45 ] ; [ -46 8 38 ] ; [ -39 4 40 ] ; [ -44 13 34 ] ; [ -40 16 36 ] ; [ -38 7 37 ] ; [ -27 3 39 ] ; [ -20 2 43 ] ; [ -24 3 46 ] ; [ -27 -4 46 ] ; [ -20 -6 44 ] ; [ -13 -3 44 ] ; [ -10 8 48 ] ; [ -15 5 59 ] ; [ -9 -13 66 ] ; [ 2 -29 60 ] ; [ 15 -36 47 ] ; [ 34 -34 18 ] ; [ 37 -36 -12 ] ; [ 4 -2 -51 ] ; [ -78 2 -49 ] ; [ -69 -13 22 ] ; [ -6 78 9 ] ; [ 10 91 16 ] ; [ 32 16 5 ] ; [ 42 -40 13 ] ; [ 18 -19 27 ] ; [ 27 -19 26 ] ; [ 5 -31 34 ] ; [ 1 0 33 ] ; [ 6 7 27 ] ; [ 2 -6 27 ] ; [ 9 -5 31 ] ; [ 4 11 37 ] ; [ -2 -9 31 ] ; [ 8 -16 32 ] ; [ 4 1 31 ] ; [ -3 -4 29 ] ; [ 3 -8 32 ] ; [ 2 1 35 ] ; [ -1 -1 24 ] ; [ -8 -9 30 ] ; [ 3 -10 38 ] ; [ 1 -2 26 ] ; [ -18 -11 34 ] ; [ -6 -11 41 ] ; [ 6 -2 31 ] ; [ -18 -7 31 ] ; [ 4 -16 42 ] ; [ -2 -7 37 ] ; [ -31 -2 38 ] ; [ -18 -9 47 ] ; [ -20 3 41 ] ; [ -34 7 45 ] ; [ -37 1 49 ] ; [ -36 11 48 ] ; [ -33 7 45 ] ; [ -29 0 44 ] ; [ -35 3 45 ] ; [ -36 12 43 ] ; [ -36 11 41 ] ; [ -32 7 41 ] ; [ -32 9 41 ] ; [ -39 14 43 ] ; [ -38 14 45 ] ; [ -36 9 46 ] ; [ -35 5 45 ] ; [ -34 4 48 ] ; [ -32 5 55 ] ; [ -45 9 64 ] ; [ -49 7 75 ] ; [ -45 1 79 ] ; [ -37 4 70 ] ; [ -36 2 58 ] ; [ -26 4 62 ] ; [ -7 0 54 ] ; [ -4 -6 40 ] ; [ -4 5 40 ] ; [ 12 13 41 ] ; [ 28 -3 28 ] ; [ 38 -27 13 ] ; [ 28 -35 -7 ] ; [ 7 -17 -26 ] ; [ -18 9 -30 ] ; [ -38 10 -17 ] ; [ 1 -30 -2 ] ; [ -28 11 20 ] ; [ -6 78 25 ] ; [ 13 59 11 ] ; [ 19 -5 19 ] ; [ 17 -22 23 ] ; [ 13 -11 26 ] ; [ 9 3 24 ] ; [ 11 -6 26 ] ; [ 5 -16 23 ] ; [ 20 -3 21 ] ; [ 5 -1 26 ] ; [ -16 -16 35 ] ; [ 5 -22 32 ] ; [ 21 -10 19 ] ; [ 20 6 20 ] ; [ 10 10 24 ] ; [ 9 -2 24 ] ; [ 5 -1 18 ] ; [ 7 -1 33 ] ; [ 5 -6 33 ] ; [ -3 -8 31 ] ; [ -2 -10 42 ] ; [ 4 -11 43 ] ; [ 0 -14 40 ] ; [ -9 -21 43 ] ; [ -2 -9 44 ] ; [ -32 10 42 ] ; [ -59 25 37 ] ; [ -44 18 34 ] ; [ -35 16 31 ] ; [ -45 27 28 ] ; [ -55 28 32 ] ; [ -59 17 38 ] ; [ -59 18 39 ] ; [ -58 19 38 ] ; [ -49 16 36 ] ; [ -50 15 32 ] ; [ -46 18 29 ] ; [ -42 19 25 ] ; [ -37 16 21 ] ; [ -35 13 19 ] ; [ -32 13 18 ] ; [ -34 17 18 ] ; [ -34 16 17 ] ; [ -34 14 18 ] ; [ -34 16 19 ] ; [ -35 18 19 ] ; [ -35 16 19 ] ; [ -32 15 20 ] ; [ -33 16 21 ] ; [ -32 16 20 ] ; [ -34 16 21 ] ; [ -34 17 22 ] ; [ -35 15 22 ] ; [ -34 14 22 ] ; [ -33 15 22 ] ; [ -33 16 21 ] ; [ -32 11 21 ] ; [ -33 14 21 ] ; [ -35 16 21 ] ; [ -34 15 21 ] ; [ -32 15 20 ] ; [ -33 15 21 ] ; [ -33 18 20 ] ; [ -35 15 22 ] ; [ -32 15 22 ] ; [ -32 18 22 ] ; [ -33 13 22 ] ; [ -33 13 22 ] ; [ -34 16 22 ] ; [ -35 16 22 ] ; [ -34 14 22 ] ; [ -33 14 21 ] ; [ -34 17 20 ] ; [ -35 16 21 ] ; [ -34 16 21 ] ; [ -35 15 22 ] ; [ -33 16 21 ] ; [ -34 15 21 ] ; [ -35 16 20 ] ; [ -35 17 21 ] ; [ -33 15 21 ] ; [ -35 17 21 ] ; [ -34 17 20 ] ; [ -33 15 20 ] ; [ -37 19 20 ] ; [ -37 18 23 ] ; [ -32 16 21 ] ; [ -31 14 21 ] ; [ -32 11 21 ] ; [ -34 13 22 ] ; [ -34 15 22 ] ; [ -34 15 21 ] ; [ -34 14 21 ] ; [ -35 18 21 ] ; [ -35 17 21 ] ; [ -32 13 22 ] ; [ -33 13 22 ] ; [ -34 15 23 ] ; [ -33 14 22 ] ; [ -34 13 22 ] ; [ -32 13 22 ] ; [ -33 13 21 ] ; [ -34 15 22 ] ; [ -34 14 22 ] ; [ -35 13 23 ] ; [ -34 15 22 ] ; [ -34 15 22 ] ; [ -35 13 22 ] ; [ -36 13 22 ] ; [ -34 12 23 ] ; [ -34 10 23 ] ; [ -33 12 22 ] ; [ -35 12 22 ] ; [ -34 12 21 ] ; [ -34 12 22 ] ; [ -34 11 22 ] ; [ -33 11 22 ] ; [ -34 12 21 ] ; [ -36 12 24 ] ; [ -37 12 24 ] ; [ -37 10 26 ] ; [ -43 11 30 ] ; [ -46 15 35 ] ; [ -52 15 43 ] ; [ -53 15 53 ] ; [ -55 18 62 ] ; [ -64 18 64 ] ; [ -60 4 65 ] ; [ -52 6 57 ] ; [ -42 10 45 ] ; [ -25 10 32 ] ; [ -12 6 26 ] ;
[ 11 0 38 ] ; [ -8 10 62 ] ; [ -9 23 80 ] ; [ 7 -18 61 ] ; [ -7 -51 57 ] ; [ -5 -58 25 ] ; [ -19 -20 -21 ] ; [ -34 -4 -86 ] ; [ -100 -41 -73 ] ; [ -128 -1 23 ] ; [ -7 127 -23 ] ; [ 65 43 -66 ] ; [ 58 -95 -21 ] ; [ 65 -77 23 ] ; [ 30 16 13 ] ; [ end ] ; [ 27 1 21 ] ; [ -2 12 18 ] ; [ 6 19 2 ] ; [ 13 9 -6 ] ; [ -5 -2 -9 ] ; [ -18 8 -14 ] ; [ -4 9 -4 ] ; [ 11 -6 -1 ] ; [ 10 -8 22 ] ; [ 10 10 46 ] ; [ 20 -18 36 ] ; [ -3 -43 57 ] ; [ -3 -37 79 ] ; [ -16 -33 59 ] ; [ -1 -19 65 ] ; [ -37 -14 65 ] ; [ -37 3 58 ] ; [ -39 15 55 ] ; [ -36 9 50 ] ; [ -32 4 47 ] ; [ -31 5 40 ] ; [ -32 7 39 ] ; [ -34 7 36 ] ; [ -30 2 35 ] ; [ -31 -1 35 ] ; [ -28 0 33 ] ; [ -26 -1 30 ] ; [ -27 -1 30 ] ; [ -27 3 28 ] ; [ -22 4 25 ] ; [ -25 4 23 ] ; [ -32 8 26 ] ; [ -37 3 27 ] ; [ -48 5 30 ] ; [ -52 9 31 ] ; [ -50 9 31 ] ; [ -45 10 29 ] ; [ -42 7 26 ] ; [ -40 8 26 ] ; [ -38 5 25 ] ; [ -36 3 24 ] ; [ -35 4 22 ] ; [ -35 4 23 ] ; [ -36 6 22 ] ; [ -35 5 23 ] ; [ -34 5 22 ] ; [ -35 5 23 ] ; [ -36 7 25 ] ; [ -37 9 23 ] ; [ -35 8 23 ] ; [ -35 8 23 ] ; [ -34 7 24 ] ; [ -34 5 24 ] ; [ -32 5 24 ] ; [ -35 7 24 ] ; [ -33 6 24 ] ; [ -33 5 23 ] ; [ -33 5 24 ] ; [ -33 7 24 ] ; [ -33 6 24 ] ; [ -34 5 25 ] ; [ -35 6 25 ] ; [ -35 7 25 ] ; [ -35 7 24 ] ; [ -34 7 25 ] ; [ -34 8 25 ] ; [ -35 6 24 ] ; [ -34 7 24 ] ; [ -34 5 24 ] ; [ -32 5 24 ] ; [ -35 7 24 ] ; [ -33 6 23 ] ; [ -34 5 24 ] ; [ -34 7 24 ] ; [ -35 7 25 ] ; [ -35 6 24 ] ; [ -33 6 25 ] ; [ -35 6 25 ] ; [ -34 7 25 ] ; [ -34 7 24 ] ; [ -34 6 24 ] ; [ -32 7 24 ] ; [ -33 6 24 ] ; [ -34 6 25 ] ; [ -34 8 24 ] ; [ -35 7 25 ] ; [ -33 6 25 ] ; [ -32 7 24 ] ; [ -35 6 24 ] ; [ -33 7 25 ] ; [ -35 7 25 ] ; [ -33 6 24 ] ; [ -34 5 24 ] ; [ -34 7 24 ] ; [ -33 7 25 ] ; [ -34 6 24 ] ; [ -34 6 24 ] ; [ -33 6 24 ] ; [ -35 6 25 ] ; [ -36 5 27 ] ; [ -38 5 27 ] ; 
[ -35 5 29 ] ; [ -35 6 27 ] ; [ -37 6 31 ] ; [ -51 9 39 ] ; [ -78 17 66 ] ; [ -83 7 106 ] ; [ -127 -9 127 ] ; [ -99 6 95 ] ; [ -59 -5 46 ] ; [ -28 -18 23 ] ; [ 19 -44 10 ] ; [ 92 -31 0 ] ; [ 91 31 -43 ] ; [ 21 -12 -95 ] ; [ -80 -108 -128 ] ; [ -128 -128 0 ] ; [ 30 127 -71 ] ; [ 24 127 -40 ] ; [ 52 -65 -26 ] ; [ 55 -101 25 ] ; [ 3 26 18 ] ; [ 21 52 24 ] ; [ 4 7 32 ] ; [ -16 -23 43 ] ; [ -4 7 38 ] ; [ 6 22 37 ] ; [ end ] ; [ 4 -3 44 ] ; [ -6 -10 46 ] ; [ -3 11 42 ] ; [ 0 18 41 ] ; [ -1 7 41 ] ; [ 4 6 42 ] ; [ 4 14 39 ] ; [ 3 14 37 ] ; [ 4 9 39 ] ; [ 1 7 40 ] ; [ 3 7 40 ] ; [ 2 6 41 ] ; [ 0 5 41 ] ; [ 0 4 42 ] ; [ 1 3 42 ] ; [ 2 3 41 ] ; [ 2 2 40 ] ; [ 3 3 39 ] ; [ 4 2 40 ] ; [ 6 2 39 ] ; [ 6 2 39 ] ; [ 6 -1 39 ] ; [ 6 -3 39 ] ; [ 6 -3 39 ] ; [ 4 -3 40 ] ; [ 6 -5 40 ] ; [ 4 -7 41 ] ; [ 4 -6 41 ] ; [ 5 -5 40 ] ; [ 5 -5 40 ] ; [ 6 -6 40 ] ; [ 6 -7 40 ] ; [ 6 -6 40 ] ; [ 5 -6 40 ] ; [ 7 -7 40 ] ; [ 5 -8 40 ] ; [ 4 -8 42 ] ; [ 2 -4 41 ] ; [ 4 -4 40 ] ; [ 4 -4 40 ] ; [ 4 -1 39 ] ; [ 5 -2 39 ] ; [ 5 -4 39 ] ; [ 6 -3 39 ] ; [ 6 -5 38 ] ; [ 8 -6 38 ] ; [ 6 -3 39 ] ; [ 5 -4 39 ] ; [ 7 -6 39 ] ; [ 4 -6 40 ] ; [ 7 -8 39 ] ; [ 6 -9 40 ] ; [ 5 -7 40 ] ; [ 4 -7 40 ] ; [ 4 -7 39 ] ; [ 5 -4 39 ] ; [ 5 -6 38 ] ; [ 7 -7 38 ] ; [ 7 -6 38 ] ; [ 7 -7 39 ] ; [ 6 -8 38 ] ; [ 5 -10 38 ] ; [ 5 -9 38 ] ; [ 5 -8 37 ] ; [ 6 -7 37 ] ; [ 6 -7 37 ] ; [ 6 -8 36 ] ; [ 6 -9 34 ] ; [ 5 -7 31 ] ; [ 0 -6 36 ] ; [ 0 -9 38 ] ; [ 3 -13 36 ] ; [ 6 -11 36 ] ; [ 3 -7 35 ] ; [ 2 -8 33 ] ; [ 7 -9 34 ] ; [ 6 -7 35 ] ; [ 0 -9 33 ] ; [ 0 -16 35 ] ; [ 2 -17 34 ] ; [ 2 -14 34 ] ; [ -3 -19 30 ] ; [ 0 -23 35 ] ; [ 1 -14 35 ] ; [ -9 -9 38 ] ; [ -5 -12 42 ] ; [ -4 -12 40 ] ; [ -5 -19 42 ] ; [ -4 -15 40 ] ; [ -8 -10 40 ] ; [ -10 -12 40 ] ; [ -10 -15 38 ] ; [ -5 -10 37 ] ; [ -9 -4 35 ] ; [ -14 -12 37 ] ; [ -10 -13 38 ] ; [ -12 -6 36 ] ; [ -16 -8 34 ] ; [ -18 -11 36 ] ; [ -17 -6 38 ] ; [ -20 -5 36 ] ; [ -23 -11 38 ] ; [ -22 -7 36 ] ; [ -29 1 35 ] ; [ -34 2 33 ] ; [ -24 3 35 ] ; [ -17 -6 37 ] ; [ -18 -12 35 ] ; [ -19 -7 36 ] ; [ -21 -3 35 ] ; [ -23 -6 34 ] ; [ -21 -5 32 ] ; [ -21 0 31 ] ; [ -26 1 31 ] ; [ -26 -1 32 ] ; [ -22 4 30 ] ; [ -26 3 30 ] ; [ -29 1 30 ] ; [ -29 5 28 ] ; [ -30 4 28 ] ; [ -30 1 29 ] ; [ -30 0 28 ] ; [ -33 2 28 ] ; [ -37 4 27 ] ; [ -38 -1 29 ] ; [ -43 1 27 ] ; [ -40 7 27 ] ; [ -34 6 29 ] ; [ -31 0 26 ] ; [ -32 -2 25 ] ; [ -31 2 22 ] ; [ -32 4 20 ] ; [ -30 5 21 ] ; [ -34 2 21 ] ; [ -37 1 22 ] ; [ -37 5 21 ] ; [ -35 1 20 ] ; [ -37 -2 19 ] ; [ -41 0 19 ] ; [ -43 8 19 ] ; [ -44 7 18 ] ; [ -42 2 16 ] ; [ -44 4 15 ] ; [ -43 12 14 ] ; [ -44 12 12 ] ; [ -45 10 12 ] ; [ -44 12 12 ] ; [ -44 13 11 ] ; [ -46 9 11 ] ; [ -45 9 12 ] ; [ -45 11 10 ] ; [ -46 9 10 ] ; [ -45 10 10 ] ; [ -46 11 10 ] ; [ -46 12 9 ] ; [ -44 10 9 ] ; [ -45 10 8 ] ; [ -44 12 9 ] ; [ -45 11 8 ] ; [ -44 11 8 ] ; [ -45 12 7 ] ; [ -44 12 8 ] ; [ -43 10 7 ] ; [ -43 12 7 ] ; [ -43 12 8 ] ; [ -44 12 7 ] ; [ -45 10 8 ] ; [ -45 13 8 ] ; [ -46 13 8 ] ; [ -46 13 8 ] ; [ -45 13 7 ] ; [ -44 13 7 ] ; [ -43 14 6 ] ; [ -44 11 7 ] ; [ -43 12 7 ] ; [ -44 14 7 ] ; [ -44 12 6 ] ; [ -44 12 7 ] ; [ -44 12 8 ] ; [ -43 13 6 ] ; [ -44 12 7 ] ; [ -45 12 8 ] ; [ -44 13 7 ] ; [ -44 13 7 ] ; [ -46 13 7 ] ; [ -46 15 8 ] ; [ -44 14 8 ] ; [ -40 12 8 ] ; [ -40 12 8 ] ; [ -41 14 8 ] ; [ -42 13 7 ] ; [ -43 13 8 ] ; [ -41 15 6 ] ; [ -44 13 8 ] ; [ -45 13 9 ] ; [ -43 15 8 ] ; [ -43 14 8 ] ; [ -41 12 8 ] ; [ -41 11 8 ] ; [ -42 13 8 ] ; [ -42 14 8 ] ; [ -43 13 9 ] ; [ -43 14 8 ] ; [ -42 15 8 ] ; [ -43 15 8 ] ; [ -43 15 8 ] ; [ -42 15 8 ] ; [ -42 15 7 ] ; [ -42 15 8 ] ; [ -42 15 7 ] ; [ -41 15 7 ] ; [ -43 15 8 ] ; [ -43 16 8 ] ; [ -43 15 8 ] ; [ -42 16 8 ] ; [ -43 15 8 ] ; [ -43 16 8 ] ; [ -43 16 8 ] ; [ -43 16 8 ] ; [ -43 14 8 ] ; [ -42 15 8 ] ; [ -42 16 7 ] ; [ -41 16 7 ] ; [ -43 15 7 ] ; [ -42 17 7 ] ; [ -42 16 8 ] ; [ -42 15 7 ] ; [ -42 15 8 ] ; [ -42 16 7 ] ; [ -43 15 8 ] ; [ -43 15 7 ] ; [ -43 15 7 ] ; [ -43 15 7 ] ; [ -44 14 7 ] ; [ -41 16 7 ] ; [ -40 16 7 ] ; [ -42 14 8 ] ; [ -42 17 7 ] ; [ -43 16 6 ] ; [ -43 16 6 ] ; [ -43 17 7 ] ; [ -42 17 6 ] ; [ -42 16 6 ] ; [ -41 16 6 ] ; [ -42 16 6 ] ; [ -42 16 6 ] ; [ -42 18 6 ] ; [ -42 17 6 ] ; [ -43 17 7 ] ; [ -42 18 6 ] ; [ -43 18 6 ] ; [ -42 16 6 ] ; [ -43 15 6 ] ; [ -43 17 6 ] ; [ -42 16 6 ] ; [ -41 17 7 ] ; [ -42 16 6 ] ; [ -43 17 6 ] ; [ -42 17 6 ] ; [ -43 16 7 ] ; [ -42 17 6 ] ; [ -42 18 6 ] ; [ -42 17 6 ] ; [ -42 17 6 ] ; [ -42 17 5 ] ; [ -41 17 6 ] ; [ -42 17 6 ] ; [ -42 16 6 ] ; [ -42 17 6 ] ; [ -43 16 6 ] ; [ -42 17 6 ] ; [ -42 17 7 ] ; [ -42 17 6 ] ; [ -43 17 6 ] ; [ -43 18 7 ] ; [ -43 17 7 ] ; [ -43 16 7 ] ; [ -41 15 7 ] ; [ -42 14 7 ] ; [ -42 15 7 ] ; [ -43 15 7 ] ; [ -45 16 6 ] ; [ -44 17 7 ] ; [ -42 16 8 ] ; [ -41 16 7 ] ; [ -40 15 8 ] ; [ -41 15 8 ] ; [ -42 16 8 ] ; [ -43 16 8 ] ; [ -42 16 7 ] ; [ -42 15 7 ] ; [ -42 16 7 ] ; [ -43 16 7 ] ; [ -42 15 7 ] ; [ -41 15 7 ] ; [ -41 16 7 ] ; [ -43 16 8 ] ; [ -43 15 8 ] ; [ -42 16 8 ] ; [ -42 16 8 ] ; [ -43 16 8 ] ; [ -42 15 7 ] ; [ -42 16 8 ] ; [ -42 16 7 ] ; [ -42 16 7 ] ; [ -41 15 8 ] ; [ -42 16 7 ] ; [ -42 16 7 ] ; [ -42 16 7 ] ; [ -43 16 7 ] ; [ -42 16 7 ] ; [ -43 16 8 ] ; [ -42 16 8 ] ; [ -42 16 7 ] ; [ -42 16 7 ] ; [ -42 15 7 ] ; [ -42 15 7 ] ; [ -42 16 7 ] ; [ -42 15 7 ] ; [ -43 16 7 ] ; [ -43 16 7 ] ; [ -42 16 7 ] ; [ -42 15 8 ] ; 
[ -42 16 7 ] ; [ -44 15 7 ] ; [ -44 15 8 ] ; [ -46 16 9 ] ; [ -44 15 9 ] ; [ -44 13 10 ] ; [ -44 13 12 ] ; [ -45 12 15 ] ; [ -48 11 19 ] ; [ -59 6 34 ] ; [ -85 20 67 ] ; [ -128 81 103 ] ; [ -128 122 93 ] ; [ -128 64 31 ] ; [ -82 -28 31 ] ; [ -18 -45 33 ] ; [ -3 -21 32 ] ; [ 96 -38 21 ] ; [ 127 -93 -32 ] ; [ 85 -20 -128 ] ; [ -128 -128 -128 ] ; [ -93 33 -5 ] ; [ 127 127 -128 ] ; [ 85 -98 -59 ] ; [ 19 -87 10 ] ; [ 39 15 8 ] ; [ 85 -5 9 ] ; [ end ] ; [ 39 -11 12 ] ; [ 17 8 36 ] ; [ 0 7 31 ] ; [ -12 -13 32 ] ; [ -12 -14 32 ] ; [ 0 -4 25 ] ; [ -3 3 4 ] ; [ 2 6 -4 ] ; [ 7 22 -5 ] ; [ 4 22 -5 ] ; [ 4 -5 -3 ] ; [ 25 -8 9 ] ; [ 16 3 12 ] ; [ 4 -9 12 ] ; [ -30 5 22 ] ; [ -67 -8 23 ] ; [ -86 -21 40 ] ; [ -91 -4 47 ] ; [ -106 -11 49 ] ; [ -118 -34 57 ] ; [ -110 -13 59 ] ; [ -124 -10 74 ] ; [ -86 0 45 ] ; [ -51 -6 20 ] ; [ -31 -14 10 ] ; [ -23 -8 3 ] ; [ -31 -8 2 ] ; [ -38 -11 5 ] ; [ -40 -5 8 ] ; [ -43 -5 11 ] ; [ -44 -7 13 ] ; [ -42 -3 13 ] ; [ -39 -5 14 ] ; [ -40 -8 15 ] ; [ -41 -4 16 ] ; [ -45 -3 18 ] ; [ -45 -5 19 ] ; [ -43 -5 18 ] ; [ -42 -3 16 ] ; [ -40 -5 15 ] ; [ -41 -9 15 ] ; [ -40 -9 14 ] ; [ -42 -5 13 ] ; [ -43 -6 14 ] ; [ -42 -6 14 ] ; [ -42 -4 14 ] ; [ -42 -4 15 ] ; [ -41 -5 15 ] ; [ -42 -4 15 ] ; [ -42 -3 15 ] ; [ -43 -4 15 ] ; [ -43 -5 15 ] ; [ -44 -5 15 ] ; [ -43 -4 15 ] ; [ -43 -5 14 ] ; [ -42 -8 15 ] ; [ -40 -5 15 ] ; [ -39 1 14 ] ; [ -42 0 14 ] ; [ -43 -2 15 ] ; [ -44 0 14 ] ; [ -44 0 14 ] ; [ -43 -1 14 ] ; [ -42 -1 13 ] ; [ -42 -1 14 ] ; [ -40 -1 14 ] ; [ -43 -2 15 ] ; [ -41 0 15 ] ; [ -40 -1 14 ] ; [ -42 -2 14 ] ; [ -43 1 14 ] ; [ -43 3 14 ] ; [ -44 2 14 ] ; [ -44 0 15 ] ; [ -43 2 14 ] ; [ -43 1 13 ] ; [ -41 1 12 ] ; [ -41 1 12 ] ; [ -41 2 11 ] ; [ -42 3 12 ] ; [ -43 3 13 ] ; [ -44 1 16 ] ; [ -47 2 16 ] ; [ -47 4 15 ] ; [ -45 5 13 ] ; [ -42 4 12 ] ; [ -40 3 12 ] ; [ -39 3 11 ] ; [ -38 3 10 ] ; [ -43 1 11 ] ; [ -44 1 12 ] ; [ -44 4 13 ] ; [ -44 3 13 ] ; [ -45 1 13 ] ; [ -44 4 12 ] ; [ -44 4 13 ] ; [ -45 2 12 ] ; [ -45 2 12 ] ; [ -44 5 11 ] ; [ -46 5 11 ] ; [ -45 2 12 ] ; [ -43 2 11 ] ; [ -43 1 12 ] ; [ -42 0 13 ] ; [ -43 -1 14 ] ; [ -43 2 13 ] ; [ -44 2 13 ] ; [ -42 1 13 ] ; [ -41 2 13 ] ; [ -40 1 13 ] ; [ -40 1 12 ] ; [ -42 0 13 ] ; [ -43 1 13 ] ; [ -45 3 13 ] ; [ -45 2 13 ] ; [ -44 1 14 ] ; [ -45 3 13 ] ; [ -44 2 14 ] ; [ -43 2 14 ] ; [ -41 4 13 ] ; [ -41 2 12 ] ; [ -42 2 13 ] ; [ -44 4 12 ] ; [ -43 4 12 ] ; [ -42 3 12 ] ; [ -43 2 13 ] ; [ -43 3 12 ] ; [ -42 2 13 ] ; [ -42 3 13 ] ; [ -43 1 14 ] ; [ -45 1 15 ] ; [ -45 3 14 ] ; [ -43 1 13 ] ; [ -43 2 12 ] ; [ -43 1 12 ] ; [ -42 2 12 ] ; [ -43 1 12 ] ; [ -43 2 12 ] ; [ -42 3 12 ] ; [ -44 2 13 ] ; [ -43 4 12 ] ; [ -44 6 12 ] ; [ -44 4 12 ] ; [ -44 4 13 ] ; [ -44 4 11 ] ; [ -44 3 11 ] ; [ -44 2 12 ] ; [ -43 2 12 ] ; [ -43 3 12 ] ; [ -42 3 12 ] ; [ -43 2 12 ] ; [ -43 1 13 ] ; [ -43 3 13 ] ; [ -44 2 12 ] ; [ -44 4 12 ] ; [ -43 3 12 ] ; [ -43 3 13 ] ; [ -43 3 11 ] ; [ -44 3 12 ] ; [ -43 3 12 ] ; [ -42 2 12 ] ; [ -43 2 12 ] ; [ -44 3 13 ] ; [ -44 3 13 ] ; [ -43 4 13 ] ; [ -43 3 12 ] ; [ -42 4 11 ] ; [ -45 2 12 ] ; [ -43 3 12 ] ; [ -44 4 12 ] ; [ -43 2 12 ] ; [ -43 3 12 ] ; [ -43 3 11 ] ; [ -43 3 12 ] ; [ -44 2 13 ] ; [ -44 2 11 ] ; [ -43 3 12 ] ; [ -43 3 12 ] ; [ -43 3 12 ] ; [ -43 4 11 ] ; [ -44 3 11 ] ; [ -43 2 12 ] ; [ -44 3 12 ] ; [ -44 3 11 ] ; [ -43 2 12 ] ; [ -43 3 12 ] ; [ -44 3 12 ] ; [ -43 2 12 ] ; [ -43 3 12 ] ; [ -44 2 12 ] ; [ -43 3 12 ] ; [ -45 3 12 ] ; [ -45 1 12 ] ; [ -46 3 11 ] ; [ -42 3 13 ] ; [ -41 4 11 ] ; [ -40 3 12 ] ; [ -42 2 13 ] ; [ -43 3 13 ] ; [ -45 3 13 ] ; [ -44 2 12 ] ; [ -43 3 13 ] ; [ -43 2 12 ] ; [ -42 2 13 ] ; [ -43 2 13 ] ; [ -43 3 13 ] ; [ -46 2 12 ] ; [ -44 2 13 ] ; [ -44 3 12 ] ; [ -42 4 12 ] ; [ -41 3 12 ] ; [ -42 2 12 ] ; [ -44 2 13 ] ; [ -45 4 13 ] ; [ -43 3 13 ] ; [ -43 2 12 ] ; [ -43 2 12 ] ; [ -43 3 12 ] ; [ -43 3 13 ] ; [ -43 2 12 ] ; [ -43 2 12 ] ; [ -44 4 12 ] ; [ -43 3 12 ] ; [ -43 2 12 ] ; [ -43 2 12 ] ; [ -43 3 12 ] ; [ -44 3 13 ] ; [ -43 2 13 ] ; [ -43 2 13 ] ; [ -43 4 13 ] ; [ -43 2 12 ] ; [ -42 3 12 ] ; [ -42 2 12 ] ; [ -42 2 13 ] ; [ -42 2 12 ] ; [ -45 1 13 ] ; [ -43 3 13 ] ; [ -43 3 12 ] ; [ -45 0 12 ] ; [ -43 3 12 ] ; [ -43 3 12 ] ; [ -43 3 12 ] ; [ -43 2 12 ] ; [ -44 3 12 ] ; [ -43 3 12 ] ; [ -43 2 12 ] ; [ -44 1 11 ] ; [ -44 1 12 ] ; [ -43 2 12 ] ; [ -44 1 12 ] ; [ -44 2 12 ] ; [ -42 3 12 ] ; [ -42 2 12 ] ; [ -42 2 12 ] ; [ -43 2 12 ] ; [ -44 1 12 ] ; [ -42 2 11 ] ; [ -42 1 12 ] ; [ -43 1 12 ] ; [ -44 2 12 ] ; [ -43 2 12 ] ; [ -43 2 12 ] ; [ -45 0 12 ] ; [ -44 2 13 ] ; [ -43 2 12 ] ; [ -42 0 11 ] ; [ -43 -1 11 ] ; [ -45 0 13 ] ; [ -44 3 12 ] ; [ -43 0 13 ] ; 
[ -42 0 11 ] ; [ -43 -1 13 ] ; [ -45 0 13 ] ; [ -44 1 13 ] ; [ -47 -1 13 ] ; [ -55 -1 15 ] ; [ -73 -1 26 ] ; [ -98 -7 61 ] ; [ -128 -5 117 ] ; [ -128 9 126 ] ; [ -128 -50 88 ] ; [ -118 -74 20 ] ; [ -30 -64 -16 ] ; [ -18 -8 0 ] ; [ 113 3 -31 ] ; [ 127 27 -113 ] ; [ -15 -80 -128 ] ; [ -128 -128 -128 ] ; [ -128 127 46 ] ; [ 122 111 -24 ] ; [ 68 -10 -98 ] ; [ 76 -90 -7 ] ; [ 41 -2 -51 ] ; [ -1 82 -51 ] ; [ 4 38 -66 ] ; [ 12 -21 -43 ] ; [ -17 -39 22 ] ; [ -20 -53 53 ] ; [ 6 -53 49 ] ; [ 24 -28 68 ] ; [ -16 -38 59 ] ; [ -23 -44 47 ] ; [ -27 9 46 ] ; [ -70 16 36 ] ; [ -54 -11 36 ] ; [ -30 -21 25 ] ; [ -45 -38 22 ] ; [ -64 -20 19 ] ; [ -76 -8 22 ] ; [ -70 -23 22 ] ; [ -101 -18 56 ] ; [ -128 0 53 ] ; [ -65 8 20 ] ; [ end ] ; [ -34 -12 13 ] ; [ -29 -20 3 ] ; [ -30 -7 -3 ] ; [ -39 -5 1 ] ; [ -46 -10 8 ] ; [ -46 -8 9 ] ; [ -44 -4 9 ] ; [ -43 -4 9 ] ; [ -43 -6 9 ] ; [ -44 -5 10 ] ; [ -47 -4 10 ] ; [ -48 -7 12 ] ; [ -47 -6 12 ] ; [ -46 -4 11 ] ; [ -42 -4 9 ] ; [ -41 -8 8 ] ; [ -41 -7 9 ] ; [ -42 -5 10 ] ; [ -44 -6 9 ] ; [ -45 -7 11 ] ; [ -44 -4 11 ] ; [ -45 -6 10 ] ; [ -43 -6 11 ] ; [ -41 -4 10 ] ; [ -41 -5 11 ] ; [ -44 -6 12 ] ; [ -47 -4 15 ] ; [ -49 -1 16 ] ; [ -46 0 13 ] ; [ -45 0 12 ] ; [ -46 -1 12 ] ; [ -41 0 10 ] ; [ -40 1 9 ] ; [ -43 -1 10 ] ; [ -43 0 9 ] ; [ -45 1 10 ] ; [ -46 1 11 ] ; [ -46 -1 10 ] ; [ -44 -2 10 ] ; [ -43 -2 10 ] ; [ -43 -3 10 ] ; [ -44 -2 11 ] ; [ -44 -3 11 ] ; [ -43 -2 11 ] ; [ -45 -3 12 ] ; [ -43 -2 11 ] ; [ -45 -2 12 ] ; [ -43 -4 11 ] ; [ -42 -3 11 ] ; [ -44 -2 11 ] ; [ -43 -3 11 ] ; [ -44 -3 11 ] ; [ -44 -3 11 ] ; [ -43 -2 11 ] ; [ -42 -3 11 ] ; [ -43 -4 11 ] ; [ -46 -6 12 ] ; [ -46 -4 12 ] ; [ -45 -4 11 ] ; [ -45 -4 9 ] ; [ -45 -5 8 ] ; [ -45 -3 7 ] ; [ -46 -3 7 ] ; [ -46 -2 7 ] ; [ -45 -2 8 ] ; [ -43 -2 7 ] ; [ -45 -2 8 ] ; [ -46 -3 10 ] ; [ -47 -3 10 ] ; [ -44 -1 10 ] ; [ -45 -1 9 ] ; [ -44 -2 9 ] ; [ -44 -2 8 ] ; [ -45 -2 8 ] ; [ -46 -2 8 ] ; [ -47 -5 8 ] ; [ -44 -5 8 ] ; [ -43 -1 8 ] ; [ -43 -2 8 ] ; [ -46 -6 9 ] ; [ -45 -6 9 ] ; [ -45 -3 8 ] ; [ -46 -4 8 ] ; [ -46 -5 9 ] ; [ -45 -3 7 ] ; [ -45 -3 8 ] ; [ -45 -3 8 ] ; [ -46 -3 7 ] ; [ -46 -5 8 ] ; [ -46 -7 8 ] ; [ -44 -1 7 ] ; [ -44 -2 9 ] ; [ -44 -3 8 ] ; [ -46 -5 9 ] ; [ -44 -3 9 ] ; [ -45 -3 9 ] ; [ -45 -4 9 ] ; [ -45 -4 9 ] ; [ -45 -3 8 ] ; [ -45 -3 8 ] ; [ -46 -4 9 ] ; [ -45 -4 8 ] ; [ -45 -3 8 ] ; [ -46 -5 9 ] ; [ -45 -5 9 ] ; [ -44 -3 9 ] ; [ -44 -2 9 ] ; [ -45 -4 9 ] ; [ -45 -5 9 ] ; [ -44 -5 9 ] ; [ -44 -3 8 ] ; [ -45 -4 9 ] ; [ -45 -4 9 ] ; [ -45 -3 9 ] ; [ -46 -4 8 ] ; [ -45 -4 8 ] ; [ -45 -4 8 ] ; [ -45 -5 9 ] ; [ -44 -5 8 ] ; [ -44 -4 9 ] ; [ -45 -4 9 ] ; [ -45 -4 9 ] ; [ -45 -4 9 ] ; [ -45 -4 8 ] ; [ -45 -5 9 ] ; [ -45 -4 8 ] ; [ -45 -4 8 ] ; [ -44 -4 9 ] ; [ -45 -4 9 ] ; [ -45 -4 9 ] ; [ -45 -4 9 ] ; [ -45 -4 9 ] ; [ -45 -4 9 ] ; [ -45 -5 9 ] ; [ -45 -4 8 ] ; [ -45 -4 8 ] ; [ -45 -5 9 ] ; [ -45 -5 9 ] ; [ -45 -4 9 ] ; [ -44 -5 9 ] ; [ -45 -4 8 ] ; [ -46 -5 9 ] ; [ -45 -4 9 ] ; [ -45 -5 9 ] ; [ -44 -4 9 ] ; [ -45 -4 9 ] ; [ -45 -4 8 ] ; [ -44 -6 9 ] ; [ -44 -5 9 ] ; [ -44 -4 8 ] ; [ -45 -5 9 ] ; [ -45 -5 8 ] ; [ -45 -5 8 ] ; [ -45 -5 8 ] ; [ -45 -6 8 ] ; [ -45 -5 9 ] ; [ -45 -5 8 ] ; [ -45 -4 8 ] ; [ -45 -6 8 ] ; [ -44 -6 9 ] ; [ -44 -4 8 ] ; [ -45 -4 8 ] ; [ -45 -5 8 ] ; [ -45 -3 8 ] ; [ -45 -4 7 ] ; [ -45 -5 8 ] ; [ -45 -5 8 ] ; [ -46 -5 8 ] ; [ -45 -5 8 ] ; [ -45 -5 8 ] ; [ -45 -5 8 ] ; [ -45 -5 8 ] ; [ -45 -5 9 ] ; [ -44 -5 8 ] ; [ -45 -4 8 ] ; [ -45 -5 9 ] ; [ -45 -5 8 ] ; [ -45 -5 8 ] ; [ -46 -6 8 ] ; [ -45 -5 8 ] ; [ -45 -5 8 ] ; [ -44 -5 8 ] ; [ -44 -6 8 ] ; [ -46 -5 8 ] ; [ -45 -5 9 ] ; [ -45 -5 9 ] ; [ -44 -5 8 ] ; [ -45 -5 8 ] ; [ -46 -5 8 ] ; [ -45 -5 8 ] ; [ -45 -5 8 ] ; [ -45 -5 8 ] ; [ -45 -6 9 ] ; [ -45 -5 8 ] ; [ -45 -5 8 ] ; [ -45 -5 8 ] ; [ -45 -5 8 ] ; [ -45 -5 8 ] ; [ -45 -5 8 ] ; [ -46 -5 8 ] ; [ -45 -5 8 ] ; [ -45 -6 8 ] ; [ -45 -6 9 ] ; [ -45 -5 8 ] ; [ -45 -5 8 ] ; [ -45 -5 8 ] ; [ -45 -5 8 ] ; [ -45 -5 8 ] ; [ -45 -5 8 ] ; [ -44 -5 8 ] ; [ -45 -6 8 ] ; [ -45 -5 7 ] ; [ -45 -6 8 ] ; [ -45 -6 8 ] ; [ -45 -5 8 ] ; [ -45 -6 8 ] ; [ -45 -5 8 ] ; [ -45 -5 7 ] ; [ -45 -6 8 ] ; [ -45 -5 8 ] ; [ -45 -5 8 ] ; [ -45 -6 9 ] ; [ -45 -5 8 ] ; [ -45 -6 8 ] ; [ -45 -6 8 ] ; [ -45 -5 8 ] ; [ -44 -5 8 ] ; [ -45 -5 8 ] ; [ -45 -5 8 ] ; [ -45 -5 8 ] ; [ -45 -5 8 ] ; [ -45 -6 8 ] ; [ -45 -5 8 ] ; [ -45 -6 8 ] ; [ -45 -6 8 ] ; [ -45 -6 8 ] ; [ -45 -5 8 ] ; [ -45 -6 8 ] ; [ -45 -6 8 ] ; [ -45 -6 8 ] ; [ -45 -5 8 ] ; 
[ -45 -6 9 ] ; [ -45 -6 8 ] ; [ -45 -6 8 ] ; [ -45 -6 8 ] ; [ -45 -6 8 ] ; [ -45 -6 8 ] ; [ -45 -6 8 ] ; [ -45 -5 8 ] ; [ -44 -6 8 ] ; [ -45 -7 8 ] ; [ -45 -5 9 ] ; [ -45 -6 9 ] ; [ -45 -6 8 ] ; [ -46 -7 9 ] ; [ -47 -6 8 ] ; [ -53 -10 8 ] ; [ -77 -17 12 ] ; [ -86 -27 13 ] ; [ -120 -26 30 ] ; [ -128 30 53 ] ; [ -128 -4 72 ] ; [ -128 -47 35 ] ; [ -64 -53 18 ] ; [ -29 -74 13 ] ; [ -21 -21 7 ] ; [ 19 -6 3 ] ; [ 67 -27 -21 ] ; [ 28 1 -86 ] ; [ 8 11 -128 ] ; [ -121 -21 -128 ] ; [ -128 62 104 ] ; [ -40 108 110 ] ; [ 37 41 -45 ] ; [ 46 -18 -93 ] ; [ 30 -48 -44 ] ; [ -18 -9 2 ] ; [ 4 1 -38 ] ; [ 8 1 -46 ] ; [ 7 -1 -14 ] ; [ 17 -12 -6 ] ; [ 25 -21 12 ] ; [ 10 -14 37 ] ; [ -11 -32 33 ] ; [ -12 -42 26 ] ; [ -80 -32 29 ] ; [ -127 3 42 ] ; [ -128 12 39 ] ; [ -128 -21 65 ] ; [ -128 2 53 ] ; [ -127 17 67 ] ; [ -62 -16 16 ] ; [ -30 -18 -1 ] ; [ -15 -12 -14 ] ; [ -30 -8 -5 ] ; [ -39 -12 -2 ] ; [ -49 -12 0 ] ; [ -55 2 5 ] ; [ end ] ; [ -48 -2 4 ] ; [ -48 -4 6 ] ; [ -48 -1 8 ] ; [ -50 -7 10 ] ; [ -50 -7 11 ] ; [ -46 -4 12 ] ; [ -43 -4 11 ] ; [ -40 -4 10 ] ; [ -38 -6 8 ] ; [ -38 -5 7 ] ; [ -45 -6 7 ] ; [ -50 -3 9 ] ; [ -51 2 9 ] ; [ -49 0 8 ] ; [ -44 -4 7 ] ; [ -45 -5 6 ] ; [ -46 -2 6 ] ; [ -46 0 5 ] ; [ -46 -2 6 ] ; [ -45 -3 6 ] ; [ -46 0 6 ] ; [ -47 -1 7 ] ; [ -46 -2 7 ] ; [ -45 1 7 ] ; [ -45 1 7 ] ; [ -45 1 7 ] ; [ -45 3 7 ] ; [ -45 2 6 ] ; [ -45 2 7 ] ; [ -45 2 6 ] ; [ -46 2 7 ] ; [ -47 3 6 ] ; [ -47 2 7 ] ; [ -46 2 6 ] ; [ -46 2 7 ] ; [ -45 0 7 ] ; [ -45 1 7 ] ; [ -46 3 7 ] ; [ -46 5 6 ] ; [ -46 5 5 ] ; [ -46 5 5 ] ; [ -46 7 4 ] ; [ -46 6 4 ] ; [ -46 5 4 ] ; [ -46 4 5 ] ; [ -46 5 4 ] ; [ -46 5 4 ] ; [ -48 4 4 ] ; [ -47 5 4 ] ; [ -47 5 3 ] ; [ -49 4 4 ] ; [ -49 4 5 ] ; [ -47 5 4 ] ; [ -47 2 6 ] ; [ -50 2 7 ] ; [ -47 6 7 ] ; [ -53 2 9 ] ; [ -49 2 13 ] ; [ -42 4 11 ] ; [ -50 3 16 ] ; [ -52 4 17 ] ; [ -49 5 18 ] ; [ -50 3 21 ] ; [ -34 5 24 ] ; [ -25 3 24 ] ; [ -25 -2 23 ] ; [ -28 7 23 ] ; [ -28 12 25 ] ; [ -25 9 24 ] ; [ -19 5 25 ] ; [ -19 5 29 ] ; [ -21 8 30 ] ; [ -20 9 32 ] ; [ -18 10 32 ] ; [ -20 12 35 ] ; [ -20 12 35 ] ; [ -22 13 38 ] ; [ -19 19 34 ] ; [ -16 0 38 ] ; [ -16 7 35 ] ; [ -12 14 32 ] ; [ -11 16 31 ] ; [ -9 11 32 ] ; [ -8 8 33 ] ; [ -7 9 34 ] ; [ -11 13 34 ] ; [ -10 10 38 ] ; [ -7 9 39 ] ; [ -10 9 40 ] ; [ -9 10 38 ] ; [ -11 14 36 ] ; [ -11 11 37 ] ; [ -9 13 38 ] ; [ -9 12 37 ] ; [ -7 12 38 ] ; [ -4 10 37 ] ; [ -6 10 38 ] ; [ -8 12 36 ] ; [ -10 14 38 ] ; [ -9 14 38 ] ; [ -8 15 40 ] ; [ -6 15 39 ] ; [ -3 11 37 ] ; [ -3 8 38 ] ; [ -3 8 37 ] ; [ -5 9 37 ] ; [ 0 7 37 ] ; [ -3 10 38 ] ; [ -2 9 38 ] ; [ -1 8 39 ] ; [ 0 6 38 ] ; [ 0 5 38 ] ; [ 2 5 37 ] ; [ 1 5 37 ] ; [ 0 7 37 ] ; [ 0 6 38 ] ; [ -1 7 38 ] ; [ -1 6 39 ] ; [ -3 8 41 ] ; [ -3 9 40 ] ; [ -2 7 40 ] ; [ -2 7 40 ] ; [ -4 8 39 ] ; [ -2 8 38 ] ; [ -4 6 38 ] ; [ -3 5 39 ] ; [ -4 8 39 ] ; [ -3 6 39 ] ; [ -4 5 40 ] ; [ -4 6 39 ] ; [ -3 8 39 ] ; [ -3 7 38 ] ; [ -5 6 38 ] ; [ -3 6 38 ] ; [ -3 7 38 ] ; [ -4 6 37 ] ; 
[ -6 7 38 ] ; [ -5 6 38 ] ; [ -6 7 39 ] ; [ -8 6 39 ] ; [ -8 5 40 ] ; [ -8 8 39 ] ; [ -8 5 39 ] ; [ -8 5 39 ] ; [ -9 6 39 ] ; [ -8 6 39 ] ; [ -7 6 38 ] ; [ -8 5 38 ] ; [ -8 6 38 ] ; [ -10 6 39 ] ; [ -11 3 43 ] ; [ -12 3 51 ] ; [ -8 1 59 ] ; [ -8 -3 70 ] ; [ -33 -13 97 ] ; [ -46 -23 110 ] ; [ -48 -27 117 ] ; [ -64 -46 101 ] ; [ -100 -38 114 ] ; [ -75 13 67 ] ; [ -76 51 43 ] ; [ -43 26 34 ] ; [ 32 -15 5 ] ; [ 83 -39 -32 ] ; [ 57 -10 -71 ] ; [ 32 -11 -118 ] ; [ -128 -59 -128 ] ; [ -127 59 53 ] ; [ 38 117 19 ] ; [ 17 28 -7 ] ; [ 39 3 -18 ] ; [ 60 -16 -53 ] ; [ 23 -13 -33 ] ; [ 31 -13 -31 ] ; [ 7 -5 -30 ] ; [ 7 -5 -17 ] ; [ 6 3 4 ] ; [ end ] ; [ -6 6 16 ] ; [ -14 2 35 ] ; [ -29 -8 29 ] ; [ -47 -33 26 ] ; [ -118 -13 35 ] ; [ -128 6 47 ] ; [ -128 -2 47 ] ; [ -128 -9 59 ] ; [ -128 -4 64 ] ; [ -96 6 30 ] ; [ -52 -23 16 ] ; [ -28 -14 2 ] ; [ -31 -10 0 ] ; [ -38 -3 -3 ] ; [ -38 7 -1 ] ; [ -39 5 3 ] ; [ -42 5 5 ] ; [ -47 12 6 ] ; [ -45 11 7 ] ; [ -44 9 7 ] ; [ -47 8 10 ] ; [ -51 6 11 ] ; [ -51 8 11 ] ; [ -46 10 11 ] ; [ -43 3 10 ] ; [ -39 1 9 ] ; [ -43 -1 10 ] ; [ -42 1 9 ] ; [ -47 3 10 ] ; [ -46 0 10 ] ; [ -46 2 10 ] ; [ -45 4 9 ] ; [ -44 2 8 ] ; [ -43 1 8 ] ; [ -45 1 8 ] ; [ -44 3 8 ] ; [ -44 4 9 ] ; [ -46 2 9 ] ; [ -47 3 10 ] ; [ -47 3 10 ] ; [ -46 5 10 ] ; [ -45 3 9 ] ; [ -45 3 9 ] ; [ -45 4 9 ] ; [ -46 5 8 ] ; [ -50 3 10 ] ; [ -47 2 10 ] ; [ -41 4 9 ] ; [ -40 4 8 ] ; [ -42 1 8 ] ; [ -43 1 10 ] ; [ -44 3 10 ] ; [ -45 3 10 ] ; [ -46 2 10 ] ; [ -44 3 11 ] ; [ -46 3 10 ] ; [ -44 3 9 ] ; [ -47 0 9 ] ; [ -45 4 9 ] ; [ -44 3 10 ] ; [ -41 1 9 ] ; [ -44 -1 9 ] ; [ -45 3 10 ] ; [ -47 0 10 ] ; [ -46 3 10 ] ; [ -45 1 10 ] ; [ -44 1 9 ] ; [ -44 2 9 ] ; [ -44 1 9 ] ; [ -44 -1 9 ] ; [ -44 1 9 ] ; [ -44 0 9 ] ; [ -44 1 10 ] ; [ -46 0 10 ] ; [ -45 3 11 ] ; [ -44 1 10 ] ; [ -43 2 10 ] ; [ -45 -1 10 ] ; [ -46 3 9 ] ; [ -45 3 9 ] ; [ -45 1 9 ] ; [ -45 1 9 ] ; [ -45 0 9 ] ; [ -45 2 9 ] ; [ -45 1 9 ] ; [ -47 -2 9 ] ; [ -47 0 10 ] ; [ -45 2 9 ] ; [ -42 1 10 ] ; [ -43 -2 10 ] ; [ -43 2 9 ] ; [ -45 0 9 ] ; [ -45 3 10 ] ; [ -46 1 10 ] ; [ -45 2 10 ] ; [ -45 2 10 ] ; [ -45 -1 10 ] ; [ -45 1 9 ] ; [ -44 1 9 ] ; [ -45 0 9 ] ; [ -44 0 9 ] ; [ -46 0 10 ] ; [ -44 2 9 ] ; [ -44 1 10 ] ; [ -45 1 10 ] ; [ -45 2 10 ] ; [ -45 1 10 ] ; [ -45 1 9 ] ; [ -44 0 10 ] ; [ -44 1 10 ] ; [ -45 0 10 ] ; [ -45 1 10 ] ; [ -44 1 10 ] ; 
[ -45 0 9 ] ; [ -45 1 9 ] ; [ -45 0 10 ] ; [ -44 0 10 ] ; [ -45 0 10 ] ; [ -47 -1 10 ] ; [ -54 -3 11 ] ; [ -61 -4 17 ] ; [ -75 -8 29 ] ; [ -95 -25 52 ] ; [ -128 -24 74 ] ; [ -128 -7 80 ] ; [ -128 -9 65 ] ; [ -117 -22 48 ] ; [ -71 -5 15 ] ; [ -17 2 16 ] ; [ 33 -36 30 ] ; [ 99 -45 12 ] ; [ 101 23 -57 ] ; [ 33 30 -100 ] ; [ 8 -13 -128 ] ; [ -128 -76 -61 ] ; [ -5 63 -14 ] ; [ 44 118 2 ] ; [ -6 -4 -5 ] ; [ 3 -8 -22 ] ; [ 9 0 -30 ] ; [ 7 1 -30 ] ; [ end ] ; [ 8 3 -27 ] ; [ 22 -2 -8 ] ; [ 17 -6 -3 ] ; [ 19 -5 17 ] ; [ 4 -10 27 ] ; [ -27 -19 15 ] ; [ -63 -19 37 ] ; [ -93 -24 25 ] ; [ -114 -29 33 ] ; [ -128 -3 33 ] ; [ -128 6 21 ] ; [ -128 -2 18 ] ; [ -117 -2 15 ] ; [ -74 4 1 ] ; [ -49 -10 -9 ] ; [ -49 -8 -9 ] ; [ -39 6 -14 ] ; [ -41 2 -10 ] ; [ -55 -5 -8 ] ; [ -58 7 -5 ] ; [ -48 1 -5 ] ; [ -38 -4 -6 ] ; [ -45 -7 -7 ] ; [ -53 0 -4 ] ; [ -57 4 -3 ] ; [ -52 1 -4 ] ; [ -47 1 -4 ] ; [ -43 3 -5 ] ; [ -45 2 -5 ] ; [ -50 2 -6 ] ; [ -51 3 -7 ] ; [ -49 3 -7 ] ; [ -47 2 -6 ] ; [ -48 2 -7 ] ; [ -50 3 -7 ] ; [ -49 2 -6 ] ; [ -48 2 -7 ] ; [ -47 1 -7 ] ; [ -49 2 -7 ] ; [ -48 2 -6 ] ; [ -49 3 -7 ] ; [ -48 4 -7 ] ; [ -48 4 -7 ] ; [ -48 2 -7 ] ; [ -48 3 -7 ] ; [ -48 4 -7 ] ; [ -47 2 -7 ] ; [ -48 2 -7 ] ; [ -48 3 -8 ] ; [ -48 3 -8 ] ; [ -48 2 -9 ] ; [ -48 2 -8 ] ; [ -49 2 -8 ] ; [ -49 2 -7 ] ; [ -49 2 -7 ] ; [ -49 1 -7 ] ; [ -48 2 -8 ] ; [ -48 2 -8 ] ; [ -49 2 -8 ] ; [ -48 2 -8 ] ; [ -48 3 -8 ] ; [ -49 1 -8 ] ; [ -48 2 -7 ] ; [ -49 2 -7 ] ; [ -48 2 -7 ] ; [ -48 2 -7 ] ; [ -48 3 -7 ] ; [ -51 0 -8 ] ; [ -49 0 -8 ] ; [ -46 4 -7 ] ; [ -46 3 -7 ] ; [ -50 2 -7 ] ; [ -50 2 -7 ] ; [ -47 3 -7 ] ; 
[ -47 4 -7 ] ; [ -50 2 -8 ] ; [ -51 3 -7 ] ; [ -54 7 -8 ] ; [ -55 5 -7 ] ; [ -50 7 -3 ] ; [ -70 -12 2 ] ; [ -99 -8 13 ] ; [ -128 15 21 ] ; [ -128 10 56 ] ; [ -128 -11 46 ] ; [ -128 -36 16 ] ; [ -93 -45 0 ] ; [ -34 -18 1 ] ; [ 11 11 9 ] ; [ 79 -13 33 ] ; [ 127 2 -2 ] ; [ 121 105 -97 ] ; [ -17 -56 -128 ] ; [ -128 -128 -116 ] ; [ -47 127 -28 ] ; [ 70 114 -24 ] ; [ 0 -38 -56 ] ; [ 19 -74 -28 ] ; [ 61 -14 -11 ] ; [ 73 -31 -18 ] ; [ 17 -3 -15 ] ; [ 14 -11 -9 ] ; [ end ] ; [ 14 3 -14 ] ; [ 2 14 -10 ] ; [ 10 -6 13 ] ; [ 8 -13 15 ] ; [ 14 -1 21 ] ; [ 3 7 9 ] ; [ -47 -49 11 ] ; [ -89 -27 16 ] ; [ -112 -2 19 ] ; [ -128 -8 31 ] ; [ -128 -26 38 ] ; [ -128 -61 56 ] ; [ -125 -47 35 ] ; [ -74 -26 15 ] ; [ -38 -24 -1 ] ; [ -26 -11 -11 ] ; [ -37 -14 -10 ] ; [ -46 -16 -6 ] ; [ -58 -6 -3 ] ; [ -62 -2 -3 ] ; [ -46 -9 -3 ] ; [ -42 -12 -3 ] ; [ -50 -15 -1 ] ; [ -54 -14 0 ] ; [ -47 -13 0 ] ; [ -41 -12 -1 ] ; [ -40 -9 -1 ] ; [ -43 -6 -1 ] ; [ -49 -9 -1 ] ; [ -51 -12 -2 ] ; [ -47 -12 -3 ] ; [ -48 -14 -3 ] ; [ -48 -15 -3 ] ; [ -48 -16 -3 ] ; [ -45 -14 -4 ] ; [ -45 -14 -3 ] ; [ -46 -14 -4 ] ; [ -46 -15 -3 ] ; [ -47 -13 -3 ] ; [ -46 -13 -2 ] ; [ -46 -12 -2 ] ; [ -46 -12 -2 ] ; [ -46 -10 -2 ] ; [ -46 -11 -1 ] ; [ -47 -10 -1 ] ; [ -46 -10 -2 ] ; [ -47 -10 -2 ] ; [ -47 -10 -3 ] ; [ -48 -11 -3 ] ; [ -47 -11 -3 ] ; [ -47 -11 -3 ] ; [ -46 -11 -3 ] ; [ -47 -11 -3 ] ; [ -47 -9 -3 ] ; [ -47 -10 -3 ] ; [ -47 -10 -3 ] ; [ -47 -9 -3 ] ; [ -48 -10 -3 ] ; [ -46 -9 -3 ] ; [ -47 -9 -3 ] ; [ -47 -10 -3 ] ; 
[ -47 -10 -3 ] ; [ -48 -9 -2 ] ; [ -49 -9 -2 ] ; [ -50 -9 -2 ] ; [ -47 -8 -2 ] ; [ -45 -8 -1 ] ; [ -50 -11 -2 ] ; [ -55 -12 -2 ] ; [ -58 -13 1 ] ; [ -74 -17 9 ] ; [ -108 -35 22 ] ; [ -118 -26 33 ] ; [ -118 -36 35 ] ; [ -128 -52 35 ] ; [ -128 -38 26 ] ; [ -120 -26 22 ] ; [ -78 -19 11 ] ; [ -43 -9 23 ] ; [ -13 8 21 ] ; [ 13 -5 20 ] ; [ 53 -8 5 ] ; [ 72 5 -16 ] ; [ 57 8 -57 ] ; [ 19 -20 -88 ] ; [ -128 -41 -110 ] ; [ -69 3 -5 ] ; [ -13 127 77 ] ; [ 8 77 -17 ] ; [ end ] ; [ 7 -2 -30 ] ; [ 13 -2 -42 ] ; [ 21 1 -50 ] ; [ 27 0 -47 ] ; [ 21 4 -38 ] ; [ 16 -7 -17 ] ; [ 1 -4 15 ] ; [ 3 7 30 ] ; [ -28 -16 30 ] ; [ -71 -71 21 ] ; [ -128 -60 22 ] ; [ -128 -14 31 ] ; [ -126 -33 25 ] ; [ -116 -47 25 ] ; [ -119 -44 26 ] ; [ -101 -15 18 ] ; [ -55 -16 6 ] ; [ -36 -18 -3 ] ; [ -34 -12 -5 ] ; [ -43 -1 -9 ] ; [ -49 -5 -9 ] ; [ -47 -4 -7 ] ; [ -49 -3 -7 ] ; [ -53 -3 -5 ] ; [ -51 -5 -4 ] ; [ -48 -9 -4 ] ; [ -49 -10 -3 ] ; [ -51 -10 -2 ] ; [ -53 -7 -2 ] ; [ -50 -8 -1 ] ; [ -47 -9 -2 ] ; [ -46 -9 -3 ] ; [ -44 -9 -4 ] ; [ -46 -8 -4 ] ; [ -48 -8 -5 ] ; [ -49 -8 -4 ] ; [ -49 -8 -4 ] ; [ -48 -7 -5 ] ; [ -48 -6 -5 ] ; [ -47 -7 -5 ] ; [ -47 -7 -5 ] ; [ -47 -9 -4 ] ; [ -48 -9 -4 ] ; [ -48 -10 -3 ] ; [ -48 -9 -3 ] ; [ -48 -10 -3 ] ; [ -47 -9 -4 ] ; [ -47 -8 -5 ] ; 
[ -48 -7 -5 ] ; [ -48 -7 -5 ] ; [ -48 -7 -5 ] ; [ -48 -7 -5 ] ; [ -47 -8 -4 ] ; [ -47 -9 -5 ] ; [ -47 -8 -4 ] ; [ -48 -9 -4 ] ; [ -48 -9 -4 ] ; [ -48 -9 -4 ] ; [ -48 -9 -4 ] ; [ -47 -9 -5 ] ; [ -47 -8 -5 ] ; [ -48 -8 -5 ] ; [ -48 -8 -5 ] ; [ -47 -8 -5 ] ; [ -48 -9 -5 ] ; [ -46 -8 -5 ] ; [ -47 -11 -2 ] ; [ -50 -13 -1 ] ; [ -56 -16 1 ] ; [ -65 -18 3 ] ; [ -89 -21 9 ] ; [ -118 -26 21 ] ; [ -123 -30 29 ] ; [ -128 -45 38 ] ; [ -128 -48 42 ] ; [ -128 -58 24 ] ; [ -121 -29 -18 ] ; [ -65 -11 -27 ] ; [ -11 6 -15 ] ; [ 39 12 5 ] ; [ 90 37 5 ] ; [ 123 42 -13 ] ; [ 90 -26 -64 ] ; [ -56 -103 -121 ] ; [ -128 -86 -128 ] ; [ -128 85 33 ] ; [ -90 116 104 ] ; [ 18 77 -82 ] ; [ 38 -37 -71 ] ; [ 60 -51 -29 ] ; [ 0 -1 20 ] ; [ end ] ; [ 14 1 -17 ] ; [ 18 -3 -20 ] ; [ 7 -7 -10 ] ; [ 3 -14 -3 ] ; [ 7 -18 5 ] ; [ 4 -5 22 ] ; [ -16 -5 31 ] ; [ -19 -17 40 ] ; [ -25 -5 47 ] ; [ -28 -10 44 ] ; [ -60 -31 52 ] ; [ -64 -13 46 ] ; [ -88 -8 45 ] ; [ -86 -23 44 ] ; [ -108 -27 43 ] ; [ -118 -29 58 ] ; [ -78 -17 40 ] ; [ -59 -27 21 ] ; [ -52 -29 15 ] ; [ -29 -22 -1 ] ; [ -17 -24 3 ] ; [ -22 -32 4 ] ; [ -40 -27 9 ] ; [ -46 -25 13 ] ; [ -42 -25 13 ] ; [ -41 -28 14 ] ; [ -37 -29 12 ] ; [ -39 -24 13 ] ; [ -37 -21 12 ] ; [ -37 -24 13 ] ; [ -36 -24 13 ] ; [ -36 -20 13 ] ; [ -35 -19 11 ] ; [ 
[ -36 -23 11 ] ; [ -34 -23 11 ] ; [ -37 -22 12 ] ; [ -40 -25 13 ] ; [ -39 -22 13 ] ; [ -37 -21 12 ] ; [ -36 -25 11 ] ; [ -37 -25 10 ] ; [ -36 -25 11 ] ; [ -36 -26 10 ] ; [ -36 -28 10 ] ; [ -38 -29 11 ] ; [ -39 -25 11 ] ; [ -45 -27 13 ] ; [ -46 -28 15 ] ; [ -35 -24 14 ] ; [ -28 -29 10 ] ; [ -27 -33 10 ] ; [ -30 -30 10 ] ; [ -30 -32 11 ] ; [ -28 -40 12 ] ; [ -36 -48 16 ] ; [ -42 -57 16 ] ; [ -47 -62 13 ] ; [ -37 -78 4 ] ; [ -23 -75 -10 ] ; [ -20 -70 -16 ] ; [ 5 -64 -25 ] ; [ 37 -64 -39 ] ; [ 42 -59 -33 ] ; [ 71 -19 -44 ] ; [ 83 -21 -51 ] ; [ 84 -72 -56 ] ; [ 67 -93 -64 ] ; [ 64 -71 -84 ] ; [ 67 -49 -99 ] ; [ 15 -81 -96 ] ; [ -21 -58 -107 ] ; [ -111 5 -128 ] ; [ -128 -74 -128 ] ; [ -128 -43 12 ] ; [ -127 76 93 ] ; [ 41 -56 -83 ] ; [ -1 -66 30 ] ; [ end ] ; [ -35 -8 -1 ] ; [ -42 -24 -11 ] ; [ -23 -54 -20 ] ; [ -25 -65 -33 ] ; [ -15 -28 -26 ] ; [ 0 -33 -19 ] ; [ 17 -28 -6 ] ; [ 13 -20 6 ] ; [ 25 -35 7 ] ; [ 39 -51 14 ] ; [ 25 -45 15 ] ; [ 3 -75 12 ] ; [ 4 -103 5 ] ; [ -2 -108 2 ] ; [ 1 -109 1 ] ; [ -1 -97 2 ] ; [ 4 -81 0 ] ; [ 3 -63 2 ] ; [ 3 -54 3 ] ; [ 0 -48 2 ] ; [ -2 -40 4 ] ; [ -2 -41 5 ] ; [ -2 -45 6 ] ; [ -5 -46 6 ] ; [ -8 -49 6 ] ; [ -8 -44 6 ] ; [ -9 -44 8 ] ; [ -9 -45 8 ] ; [ -10 -46 7 ] ; [ -11 -41 9 ] ; [ -12 -40 8 ] ; [ -11 -46 7 ] ; [ -18 -43 9 ] ; [ -18 -44 9 ] ; [ -17 -46 9 ] ; [ -15 -44 9 ] ; [ -13 -46 9 ] ; [ -10 -44 8 ] ; [ -12 -43 8 ] ; [ -12 -47 7 ] ; [ -12 -46 7 ] ; [ -13 -45 8 ] ; [ -13 -43 7 ] ; [ -15 -44 8 ] ; [ -14 -45 7 ] ; [ -15 -45 7 ] ; [ -14 -45 7 ] ; [ -15 -43 7 ] ; [ -14 -45 7 ] ; [ -13 -44 7 ] ; [ -13 -43 7 ] ; [ -13 -45 7 ] ; [ -14 -45 7 ] ; [ -13 -45 7 ] ; [ -14 -45 7 ] ; [ -13 -48 6 ] ; [ -13 -45 6 ] ; [ -12 -47 6 ] ; [ -13 -46 5 ] ; [ -11 -46 6 ] ; [ -13 -44 6 ] ; [ -12 -44 6 ] ; [ -12 -44 6 ] ; [ -13 -47 6 ] ; [ -12 -45 6 ] ; [ -12 -46 6 ] ; [ -10 -47 5 ] ; [ -9 -45 5 ] ; [ -9 -43 5 ] ; [ -11 -44 6 ] ; [ -11 -46 5 ] ; [ -12 -48 6 ] ; [ -11 -48 6 ] ; [ -11 -47 6 ] ; [ -12 -46 7 ] ; [ -11 -45 6 ] ; [ -11 -46 6 ] ; [ -9 -44 5 ] ; [ -8 -44 6 ] ; [ -9 -44 7 ] ; [ -10 -44 6 ] ; [ -10 -44 7 ] ; [ -9 -43 7 ] ; [ -10 -44 7 ] ; [ -11 -47 7 ] ; [ -12 -49 5 ] ; [ -13 -51 5 ] ; [ -12 -51 5 ] ; [ -11 -52 4 ] ; [ -10 -50 3 ] ; [ -8 -49 3 ] ; [ -9 -46 1 ] ; [ -12 -47 3 ] ; [ -15 -47 3 ] ; [ -11 -43 4 ] ; [ -8 -37 4 ] ; [ -8 -40 5 ] ; [ -9 -44 6 ] ; [ -12 -46 6 ] ; [ -13 -50 6 ] ; [ -13 -53 5 ] ; [ -12 -50 5 ] ; [ -13 -46 5 ] ; [ -11 -46 5 ] ; [ -10 -45 6 ] ; [ -10 -46 5 ] ; [ -9 -46 4 ] ; [ -10 -46 5 ] ; [ -10 -49 6 ] ; [ -10 -49 5 ] ; [ -11 -49 5 ] ; [ -11 -51 5 ] ; [ -10 -50 4 ] ; [ -10 -46 4 ] ; [ -10 -44 5 ] ; [ -9 -43 5 ] ; [ -11 -43 6 ] ; [ -11 -43 7 ] ; [ -11 -42 8 ] ; [ -11 -44 10 ] ; [ -13 -46 9 ] ; [ -14 -47 7 ] ; [ -13 -56 6 ] ; [ -8 -54 5 ] ; [ -6 -49 5 ] ; [ -7 -46 4 ] ; [ -6 -47 5 ] ; [ -8 -47 5 ] ; [ -8 -48 6 ] ; [ -10 -45 6 ] ; [ -10 -39 7 ] ; [ -10 -39 8 ] ; [ -11 -43 9 ] ; [ -10 -45 9 ] ; [ -8 -40 10 ] ; [ -8 -43 9 ] ; [ -9 -47 9 ] ; [ -9 -45 8 ] ; [ -8 -44 8 ] ; [ -8 -45 8 ] ; [ -10 -45 8 ] ; [ -11 -46 9 ] ; [ -10 -45 9 ] ; [ -11 -50 7 ] ; [ -14 -55 7 ] ; [ -13 -55 7 ] ; [ -15 -53 8 ] ; [ -13 -50 7 ] ; [ -10 -43 7 ] ; [ -9 -38 8 ] ; [ -8 -38 8 ] ; [ -8 -38 8 ] ; [ -7 -38 9 ] ; [ -9 -39 9 ] ; [ -12 -42 8 ] ; [ -14 -47 9 ] ; [ -16 -49 9 ] ; [ -16 -47 9 ] ; [ -14 -46 9 ] ; [ -14 -44 9 ] ; [ -13 -45 9 ] ; [ -12 -45 9 ] ; [ -12 -43 8 ] ; [ -10 -42 9 ] ; [ -11 -41 9 ] ; [ -12 -43 9 ] ; [ -11 -42 9 ] ; [ -13 -42 9 ] ; [ -14 -47 9 ] ; [ -16 -50 9 ] ; [ -16 -47 9 ] ; [ -15 -45 8 ] ; [ -13 -42 8 ] ; [ -12 -42 7 ] ; [ -11 -43 7 ] ; [ 
[ -11 -44 7 ] ; [ -12 -46 7 ] ; [ -12 -47 7 ] ; [ -11 -47 7 ] ; [ -10 -45 7 ] ; [ -10 -45 7 ] ; [ -11 -47 8 ] ; [ -11 -46 8 ] ; [ -12 -46 7 ] ; [ -12 -45 7 ] ; [ -11 -45 6 ] ; [ -10 -48 6 ] ; [ -10 -47 5 ] ; [ -8 -47 5 ] ; [ -7 -47 5 ] ; [ -7 -47 5 ] ; [ -7 -46 5 ] ; [ -6 -48 5 ] ; [ -7 -48 5 ] ; [ -8 -46 6 ] ; [ -9 -46 6 ] ; [ -9 -47 7 ] ; [ -9 -46 6 ] ; [ -9 -49 6 ] ; [ -6 -50 7 ] ; [ -2 -53 5 ] ; [ 3 -55 2 ] ; [ 9 -59 -2 ] ; [ 25 -69 -8 ] ; [ 43 -82 -14 ] ; [ 49 -80 -18 ] ; [ 67 -84 -24 ] ; [ 60 -103 -24 ] ; [ 16 -86 -19 ] ; [ 40 -122 -21 ] ; [ 30 -78 -18 ] ; [ 30 -55 -18 ] ; [ 9 -60 -26 ] ; [ 8 -18 -60 ] ; [ -14 -7 -98 ] ; [ -39 -46 -128 ] ; [ -73 -128 -82 ] ; [ -128 -75 1 ] ; [ -77 109 22 ] ; [ -71 -14 5 ] ; [ -2 -43 -13 ] ; [ -13 -24 2 ] ; [ end ] ; [ -29 -17 -5 ] ; [ -34 -54 -12 ] ; [ -46 -59 -17 ] ; [ -60 -52 -31 ] ; [ -49 -44 -24 ] ; [ -42 -37 -22 ] ; [ -12 -47 -18 ] ; [ -18 -51 -7 ] ; [ -4 -38 -2 ] ; [ 25 -67 4 ] ; [ 21 -51 10 ] ; [ 20 -69 6 ] ; [ -8 -93 0 ] ; [ -6 -82 -5 ] ; [ -2 -95 -7 ] ; [ 0 -77 -5 ] ; [ 3 -68 -5 ] ; [ -1 -75 -2 ] ; [ -4 -63 -2 ] ; [ -6 -56 1 ] ; [ -9 -53 2 ] ; [ -14 -50 3 ] ; [ -17 -44 4 ] ; [ -16 -41 4 ] ; [ -17 -42 5 ] ; [ -15 -44 4 ] ; [ -18 -39 4 ] ; [ -18 -40 5 ] ; [ -17 -38 4 ] ; [ -21 -39 6 ] ; [ -20 -43 6 ] ; [ -22 -43 5 ] ; [ -22 -46 6 ] ; [ -22 -46 5 ] ; [ -22 -45 5 ] ; [ -21 -46 4 ] ; [ -21 -48 5 ] ; [ -19 -44 3 ] ; [ -19 -44 4 ] ; [ -18 -45 3 ] ; [ -18 -44 4 ] ; [ -17 -41 4 ] ; [ -19 -41 4 ] ; [ -19 -44 5 ] ; [ -19 -42 5 ] ; [ -19 -42 6 ] ; [ -20 -41 5 ] ; [ -20 -43 6 ] ; [ -20 -42 5 ] ; [ -20 -43 5 ] ; [ -18 -43 6 ] ; [ -18 -45 5 ] ; [ -18 -44 5 ] ; [ -19 -42 5 ] ; [ -19 -43 5 ] ; [ -20 -43 5 ] ; [ -20 -42 5 ] ; [ -20 -42 5 ] ; [ -21 -44 4 ] ; [ -20 -43 3 ] ; [ -19 -43 3 ] ; [ -17 -43 3 ] ; [ -17 -38 2 ] ; [ -11 -42 5 ] ; [ -13 -47 4 ] ; [ -17 -44 3 ] ; [ -21 -47 4 ] ; [ -22 -47 2 ] ; [ -24 -45 3 ] ; [ -23 -44 3 ] ; [ -22 -43 3 ] ; [ -22 -41 3 ] ; [ -21 -40 3 ] ; [ -23 -40 3 ] ; [ -19 -44 2 ] ; [ -18 -44 3 ] ; [ -17 -44 2 ] ; [ -17 -45 2 ] ; [ -19 -45 2 ] ; [ -20 -44 2 ] ; [ -21 -44 2 ] ; [ -22 -44 2 ] ; [ -22 -44 2 ] ; [ -23 -44 2 ] ; [ -21 -44 2 ] ; [ -22 -44 2 ] ; [ -21 -45 1 ] ; [ -18 -45 1 ] ; [ -15 -45 1 ] ; [ -16 -42 2 ] ; [ -17 -45 2 ] ; [ -22 -46 2 ] ; [ -21 -48 2 ] ; [ -22 -45 2 ] ; [ -20 -43 3 ] ; [ -21 -42 3 ] ; [ -20 -43 2 ] ; [ -19 -44 2 ] ; [ -13 -44 4 ] ; [ -16 -48 3 ] ; [ -20 -49 2 ] ; [ -21 -46 1 ] ; [ -20 -44 1 ] ; [ -18 -42 1 ] ; [ -17 -40 3 ] ; [ -18 -39 4 ] ; [ -18 -40 5 ] ; [ -20 -42 6 ] ; [ -21 -44 6 ] ; [ -20 -46 5 ] ; [ -18 -44 5 ] ; [ -18 -43 5 ] ; [ -17 -42 5 ] ; [ -16 -42 5 ] ; [ -16 -43 5 ] ; [ -16 -44 5 ] ; [ -16 -44 5 ] ; [ -16 -45 4 ] ; [ -16 -45 4 ] ; [ -16 -47 3 ] ; [ -15 -48 3 ] ; [ -15 -46 3 ] ; [ -14 -45 4 ] ; [ -16 -44 3 ] ; [ -16 -44 4 ] ; [ -16 -45 4 ] ; [ -17 -45 4 ] ; [ -18 -45 3 ] ; [ -18 -45 3 ] ; [ -17 -43 3 ] ; [ -17 -44 4 ] ; [ -17 -42 5 ] ; [ -18 -43 5 ] ; [ -19 -43 5 ] ; [ -20 -43 4 ] ; [ -22 -44 4 ] ; [ -22 -46 3 ] ; [ -21 -47 3 ] ; [ -21 -46 2 ] ; [ -17 -44 3 ] ; [ -15 -44 2 ] ; [ -14 -43 2 ] ; [ -14 -44 3 ] ; [ -15 -44 4 ] ; [ -19 -43 4 ] ; [ -22 -43 4 ] ; [ -22 -44 3 ] ; [ -22 -44 3 ] ; [ -20 -44 3 ] ; [ -17 -43 3 ] ; [ -17 -40 4 ] ; [ -18 -44 5 ] ; [ -18 -50 3 ] ; [ -16 -50 2 ] ; [ -14 -49 0 ] ; [ -13 -52 3 ] ; [ -14 -46 3 ] ; [ -16 -43 3 ] ; [ -18 -42 4 ] ; [ -18 -38 4 ] ; [ -19 -37 5 ] ; [ -17 -40 5 ] ; [ -16 -44 5 ] ; [ -16 -45 5 ] ; [ -17 -44 6 ] ; [ -18 -44 6 ] ; [ -18 -45 4 ] ; [ -19 -45 4 ] ; [ -20 -48 4 ] ; [ -20 -47 4 ] ; [ -18 -46 3 ] ; [ -15 -45 3 ] ; [ -14 -44 2 ] ; [ -13 -44 2 ] ; [ -13 -44 2 ] ; [ -13 -42 3 ] ; [ -14 -41 4 ] ; [ -15 -42 5 ] ; [ -17 -43 5 ] ; [ -19 -43 4 ] ; [ -19 -44 4 ] ; [ -18 -46 3 ] ; [ -17 -47 3 ] ; [ -17 -47 3 ] ; [ -17 -47 2 ] ; [ -17 -46 2 ] ; [ -18 -44 1 ] ; [ -17 -45 0 ] ; [ -17 -46 0 ] ; [ -17 -45 -1 ] ; [ -15 -44 0 ] ; [ -15 -44 0 ] ; [ -16 -45 0 ] ; [ -16 -45 0 ] ; [ -17 -43 0 ] ; [ -19 -48 -1 ] ; [ -19 -49 -1 ] ; [ -19 -48 -1 ] ; [ -16 -45 0 ] ; [ -16 -44 1 ] ; [ -17 -43 1 ] ; [ -17 -45 0 ] ; [ -18 -46 0 ] ; [ -18 -45 0 ] ; [ -18 -46 0 ] ; [ -19 -46 1 ] ; [ -18 -44 1 ] ; [ -19 -41 2 ] ; [ -21 -44 3 ] ; [ -22 -46 3 ] ; [ -22 -47 2 ] ; [ -22 -48 2 ] ; [ -21 -47 1 ] ; [ -21 -48 0 ] ; [ -18 -46 0 ] ; [ -17 -42 1 ] ; [ -16 -43 1 ] ; [ -14 -44 0 ] ; [ -13 -44 2 ] ; [ -12 -44 3 ] ; [ 
[ -27 -58 3 ] ; [ -24 -67 -1 ] ; [ 5 -100 -15 ] ; [ 17 -128 -19 ] ; [ 9 -121 -20 ] ; [ 9 -117 -22 ] ; [ 14 -128 -29 ] ; [ 31 -120 -42 ] ; [ 34 -81 -46 ] ; [ 16 -67 -87 ] ; [ -19 52 -128 ] ; [ -128 -35 -128 ] ; [ -128 -128 -104 ] ; [ -78 88 49 ] ; [ -52 -44 -33 ] ; [ -5 -34 -19 ] ; [ -80 25 -23 ] ; [ -40 17 -46 ] ; [ -9 -29 -54 ] ; [ -6 -29 4 ] ; [ end ] ; [ 22 -53 11 ] ; [ 8 -53 8 ] ; [ 13 -95 -11 ] ; [ -23 -128 -14 ] ; [ -22 -94 -17 ] ; [ -26 -88 -14 ] ; [ -20 -86 -10 ] ; [ -29 -77 -6 ] ; [ -33 -59 -8 ] ; [ -30 -52 -6 ] ; [ -27 -47 -6 ] ; [ -27 -45 -4 ] ; [ -28 -40 -5 ] ; [ -26 -40 -5 ] ; [ -26 -41 -4 ] ; [ -26 -36 -6 ] ; [ -28 -37 -4 ] ; [ -27 -32 -4 ] ; [ -28 -36 -4 ] ; [ -28 -39 -4 ] ; [ -32 -39 -5 ] ; [ -33 -37 -4 ] ; [ -36 -39 -4 ] ; [ -34 -39 -3 ] ; [ -35 -44 -2 ] ; [ -37 -35 -3 ] ; [ -35 -37 -3 ] ; [ -31 -38 -2 ] ; [ -29 -33 -4 ] ; [ -26 -35 -3 ] ; [ -26 -37 -4 ] ; [ -27 -35 -4 ] ; [ -27 -35 -3 ] ; [ -30 -34 -3 ] ; [ -32 -36 -4 ] ; [ -34 -40 -3 ] ; [ -34 -39 -4 ] ; [ -33 -36 -3 ] ; [ -32 -39 -3 ] ; [ -32 -37 -3 ] ; [ -31 -37 -4 ] ; [ -30 -38 -3 ] ; [ -30 -39 -4 ] ; [ -29 -40 -5 ] ; [ -28 -41 -4 ] ; [ -27 -35 -4 ] ; [ -26 -35 -4 ] ; [ -28 -38 -4 ] ; [ -31 -40 -3 ] ; [ -33 -39 -4 ] ; [ -32 -41 -4 ] ; [ -31 -40 -5 ] ; [ -32 -39 -5 ] ; [ -30 -39 -5 ] ; [ -30 -39 -4 ] ; [ -30 -40 -4 ] ; [ -27 -40 -4 ] ; [ -27 -41 -3 ] ; [ -24 -41 -2 ] ; [ -23 -39 -1 ] ; [ -25 -40 -2 ] ; [ -28 -44 -1 ] ; [ -28 -44 -2 ] ; [ -26 -42 -2 ] ; [ -25 -41 -4 ] ; [ -23 -43 -3 ] ; [ -20 -42 -3 ] ; [ -20 -39 -3 ] ; [ -20 -39 -3 ] ; [ -22 -38 -2 ] ; [ -25 -41 -2 ] ; [ -27 -45 -4 ] ; [ -28 -45 -3 ] ; [ -25 -39 -2 ] ; [ -23 -36 0 ] ; [ -26 -37 1 ] ; [ -27 -38 2 ] ; [ -31 -39 1 ] ; [ -33 -42 0 ] ; [ -32 -43 -2 ] ; [ -28 -42 -4 ] ; [ -25 -39 -4 ] ; [ -23 -38 -3 ] ; [ -23 -37 -3 ] ; [ -23 -38 -3 ] ; [ -23 -40 -2 ] ; [ -25 -41 -2 ] ; [ -27 -46 -1 ] ; [ -24 -46 -2 ] ; [ -21 -43 -4 ] ; [ -12 -46 -2 ] ; [ -13 -46 -2 ] ; [ -12 -47 -2 ] ; [ -10 -49 -4 ] ; [ -13 -57 -3 ] ; [ -25 -51 -1 ] ; [ -14 -49 -2 ] ; [ -11 -48 -3 ] ; [ -10 -47 -3 ] ; [ -6 -48 -4 ] ; [ -8 -47 -4 ] ; [ -9 -48 -4 ] ; [ -10 -47 -4 ] ; [ -11 -47 -4 ] ; [ -12 -47 -4 ] ; [ -12 -47 -4 ] ; [ -12 -49 -3 ] ; [ -12 -47 -3 ] ; [ -11 -49 -4 ] ; [ -11 -49 -4 ] ; [ -12 -49 -4 ] ; [ -12 -48 -4 ] ; [ -14 -49 -5 ] ; [ -14 -47 -4 ] ; [ -15 -46 -5 ] ; [ -15 -48 -5 ] ; [ -17 -47 -5 ] ; [ -16 -47 -5 ] ; [ -15 -46 -7 ] ; [ -15 -48 -6 ] ; [ -15 -49 -6 ] ; [ -14 -49 -5 ] ; [ -14 -48 -6 ] ; [ -13 -48 -6 ] ; [ -13 -49 -4 ] ; [ -13 -48 -5 ] ; [ -13 -52 -5 ] ; [ -12 -52 -4 ] ; [ -13 -47 -6 ] ; [ -14 -48 -5 ] ; [ -14 -51 -5 ] ; [ -14 -53 -3 ] ; [ -10 -50 -5 ] ; [ -12 -46 -3 ] ; [ -10 -44 -3 ] ; [ -9 -45 -3 ] ; [ -9 -47 -2 ] ; [ -9 -48 -2 ] ; [ -9 -49 -1 ] ; [ -9 -49 -2 ] ; [ -9 -49 -2 ] ; [ -9 -48 -1 ] ; [ -9 -47 -1 ] ; [ -9 -52 -1 ] ; [ -9 -52 -1 ] ; [ -10 -46 -2 ] ; [ -8 -48 -1 ] ; [ -8 -48 -1 ] ; 
